ADID,CreativeUrl,Currency Code,Spend,Impressions,StartDate,EndDate,OrganizationName,BillingAddress,CandidateBallotInformation,PayingAdvertiserName,CommitteeName,CommitteeIdentificationNumber,DisclosureNameOfCommittee,AdvertisingJurisdiction,Gender,AgeBracket,CountryCode,Regions (Included),Regions (Excluded),Electoral Districts (Included),Electoral Districts (Excluded),Radius Targeting (Included),Radius Targeting (Excluded),Metros (Included),Metros (Excluded),Postal Codes (Included),Postal Codes (Excluded),Location Categories (Included),Location Categories (Excluded),Interests,OsType,Segments,Language,AdvancedDemographics,Targeting Connection Type,Targeting Carrier (ISP),CreativeProperties
e6a4282a3e9d8d032b5d881584abf7844224b535a1065bd64713976b2ff7b8b7,https://www.snap.com/political-ads/asset/eeec18087c58a3a28d2b26aab7d0aecf46eff8d45436566d196dd480c0254a55?mediaType=png,USD,198,4731,2022/11/02 18:08:27Z,2022/11/09 05:59:00Z,Veracity Media,US,Angelo Santabarbara,Santabarbara for Assembly,,,,,,18+,united states,,,,,,,,,"12009,12010,12023,12053,12056,12059,12066,12068,12069,12070,12072,12086,12095,12122,12137,12147,12150,12157,12166,12177,12186,12193,12303,12304,12305,12306,12307,12308,13317,13320,13339,13410,13428,13452,13459",,,,,,Provided by Advertiser,,,,,
9c2a4c39a7e0ec833785ad374909831947c2a7ef903d5b6425af08fcefebe081,https://www.snap.com/political-ads/asset/bc2b0556fa168fadd3b74d2a56905798ada99d7fc9b380f232acedd53e8275be?mediaType=mp4,USD,462,5623,2022/09/12 16:31:54Z,2022/11/08 23:00:00Z,Wavelength Strategy,US,,Mark Kelly for Senate,,,,,,18+,united states,,,,,latitude 35.188526;longitude -111.654995;radius 4.0,,,,,,,,,,Provided by Advertiser,,,,,web_view_url:https://markkelly.com/?utm_source=snap&utm_medium=paid
f2f2145b0178daebb98fbbe05dd6d14f2de1d432c6c4fbde616169b74cfd0c2d,https://www.snap.com/political-ads/asset/ca05ce0e3cb36de893af100de5a2c74b5e8599798b56bf21580b497c8c487b3b?mediaType=mp4,SEK,16416,47534,2022/08/22 07:00:59Z,2022/09/11 21:59:59Z,Reform Society,"Kungsgatan 18,Stockholm,111 35,SE",Hands off,RFSU,,,,,,18+,sweden,,,,,,,,,,,,,,,,,,,,web_view_url:https://handsoff.rfsu.se/?utm_source=Snapchat&utm_medium=cpm&utm_campaign=Valkampanj2022&utm_id=60375
78cd7e82560c7bed8f85825e99083a450651e781381942b8da31ce97e2beb639,https://www.snap.com/political-ads/asset/d83c2a0949312a6779e7c238f4f31250350d9ea609b7c6d89ca0eee3ec18b8df?mediaType=png,CAD,900,40537,2022/10/03 14:00:47Z,2022/10/22 04:59:00Z,City of Winnipeg,"510 Main St.,Winnipeg,R3B 1B9,CA",City of Winnipeg Election 2022,City of Winnipeg,,,,,,18+,canada,,,,,,,Winnipeg,,,,,,,,Provided by Advertiser,en,,,,
ca97061b58c777da7c38d016cec41982334167841fe2ca642e2bfdab62dbae8a,https://www.snap.com/political-ads/asset/98071cda1ae81d9d09f8514769a92e8e27041fcbb7c9b042078f0633d2564db4?mediaType=png,USD,5,866,2022/02/15 14:00:10Z,2022/02/26 00:00:59Z,Sullivan Jones Senate Campaign,US,,Sullivan Jones Senate Campaign,,,,,,,united states,,,,,latitude 42.82265374498775;longitude -102.99943401405628;radius 1.58,,,,,,,,,,Provided by Advertiser,,,,,
4418ab70da59914809daae7eea9c109166a157472f552a22a286557164dfb243,https://www.snap.com/political-ads/asset/57432a5e9274533eeeecc4bf1bc856fa4e8208ee3cc16d6f2e9cc9580348aed9?mediaType=mp4,SEK,814,1038,2022/08/01 05:00:44Z,2022/08/07 21:59:00Z,Reform Society,"Kungsgatan 18,Stockholm,111 35,SE",Hands off,RFSU,,,,,,18+,sweden,Stockholms Lan,,,,,,,,,,,,"Political News Watchers,Parents & Family-Focused,Philanthropists,Wellness & Healthy Lifestyle",,Provided by Advertiser,,,,,web_view_url:https://handsoff.rfsu.se/
f3277c44dc5a7588604a5c2ccf348cdba4b3f32c2a653d015d9119aeafe5ffcc,https://www.snap.com/political-ads/asset/f8b9f2f8f908b023ee0080dee93840fb25da44bdd689fb16ff18d6898f5d2bff?mediaType=mp4,SEK,561,1757,2022/08/22 07:00:59Z,2022/09/11 21:59:59Z,Reform Society,"Kungsgatan 18,Stockholm,111 35,SE",Hands off,RFSU,,,,,,18-35,sweden,,,,,,,,,,,,,"Political News Watchers,Parents & Family-Focused,Philanthropists,Wellness & Healthy Lifestyle",,,,,,,web_view_url:https://handsoff.rfsu.se/?utm_source=Snapchat&utm_medium=cpm&utm_campaign=Valkampanj2022&utm_id=60375
da48fb9911c31a458c2da0bdf632dda9e97f59a64a7f2de4bfec774733d61345,https://www.snap.com/political-ads/asset/19f3df4663f9150834b9fbe35d58dfb729fae098287171920227104bb056abb8?mediaType=mp4,USD,103,282,2022/11/01 17:38:35Z,2022/11/08 23:59:00Z,BerlinRosen,"15 Maiden Lane #16,New York,10038,US",,United We Dream Action,,,,,,18-35,united states,Arizona,,,,,,,,,,,,"Advocates & Activists,Mexican Food Shoppers,nln_7169,Latin Music Fans",,Provided by Advertiser,es,"Household Income: Under $50000,Household Income: $50000 - $99999",,,
9dab63d23a8967081853ad1862322692e017fba7adc15a9bed6eb1b00a1ca11e,https://www.snap.com/political-ads/asset/ca05ce0e3cb36de893af100de5a2c74b5e8599798b56bf21580b497c8c487b3b?mediaType=mp4,SEK,33936,55841,2022/08/22 07:00:59Z,2022/09/11 21:59:59Z,Reform Society,"Kungsgatan 18,Stockholm,111 35,SE",Hands off,RFSU,,,,,,18-35,sweden,,,,,,,,,,,,,"Political News Watchers,Parents & Family-Focused,Philanthropists,Wellness & Healthy Lifestyle",,,,,,,web_view_url:https://handsoff.rfsu.se/?utm_source=Snapchat&utm_medium=cpm&utm_campaign=Valkampanj2022&utm_id=60375
78c442c1181963722ecc64f69cb48a314ab7d4f74990165855a98169e5eb1138,https://www.snap.com/political-ads/asset/201f4e8d347d1198d90e1bcc32222e197758e270cd671107cb7826e4136df764?mediaType=png,CAD,7,216,2022/09/27 15:36:51Z,2022/09/29 22:00:00Z,Cossette Media Inc,"P.O. Box. 11613, Succ. Centre-ville,Montreal,H3C5V9,CA",BVEE,Élection Québec,,,,,,18+,canada,,,,,"latitude 46.78094190346454;longitude -71.27570860053393;radius 1.2,latitude 45.503234500000005;longitude -73.6161915;radius 0.83,latitude 48.41898540569562;longitude -71.05210164335934;radius 0.46,latitude 45.905751;longitude -72.466871;radius 0.5,latitude 45.558723;longitude -73.720895;radius 0.5,latitude 45.525335;longitude -73.522688;radius 0.5,latitude 48.452869;longitude -68.512667;radius 0.5,latitude 45.364365;longitude -71.845291;radius 1.0,latitude 45.774787111284695;longitude -74.00303108090974;radius 0.2,latitude 45.378801;longitude -71.9276185;radius 1.0,latitude 46.350188;longitude -72.575704;radius 1.0,latitude 45.50463675;longitude -73.5763445;radius 0.5,latitude 46.813439;longitude -71.22535;radius 0.1,latitude 48.093045;longitude -77.787959;radius 0.5,latitude 48.099359510148275;longitude -77.78560610535139;radius 0.2,latitude 45.53718572536292;longitude -73.67529078863983;radius 0.4,latitude 45.512027;longitude -73.6721235;radius 0.5,latitude 45.516475949902286;longitude -73.676269631937;radius 0.3,latitude 45.60205;longitude -73.541673;radius 0.3,latitude 45.639045;longitude -74.350732;radius 0.5,latitude 46.061593;longitude -71.943022;radius 0.7,latitude 46.1310090465565;longitude -70.66125097057024;radius 0.7,latitude 45.25231407066326;longitude -74.13281945417003;radius 0.3,latitude 45.207984145453025;longitude -72.77192851973453;radius 0.7,latitude 46.379239;longitude -72.523315;radius 0.5,latitude 45.48241005090486;longitude -75.68398698154286;radius 0.3,latitude 46.863819;longitude -71.25589;radius 0.3,latitude 46.86134;longitude -71.261717;radius 0.4,latitude 45.344527;longitude -73.76787;radius 0.3,latitude 45.361971;longitude -73.732479;radius 0.1,latitude 46.836284;longitude -71.344867;radius 0.1,latitude 48.42315;longitude -71.052158;radius 0.3,latitude 48.420308;longitude -71.061953;radius 0.1,latitude 47.36756290255897;longitude -70.04052391059727;radius 0.1,latitude 45.488967;longitude -73.641429;radius 0.1,latitude 45.882114;longitude -72.49141;radius 0.1,latitude 50.227074;longitude -66.354666;radius 0.5,latitude 50.222464;longitude -66.363319;radius 0.1,latitude 48.834178;longitude -64.484948;radius 0.4,latitude 45.3992235597224;longitude -72.72999868671795;radius 0.2,latitude 45.380672;longitude -72.745186;radius 0.2,latitude 45.642461;longitude -73.842063;radius 0.5,latitude 45.550841;longitude -73.5543;radius 0.3,latitude 45.447611;longitude -75.736732;radius 0.1,latitude 45.4517;longitude -75.764789;radius 0.6,latitude 45.422472;longitude -75.738186;radius 0.4,latitude 45.428426;longitude -75.738307;radius 0.3,latitude 45.459292;longitude -75.769802;radius 0.4,latitude 45.40383;longitude -73.94322;radius 0.5,latitude 46.829931;longitude -71.227765;radius 0.3,latitude 46.786704;longitude -71.286959;radius 0.4,latitude 45.877622;longitude -72.501914;radius 0.2,latitude 45.87392496626654;longitude -72.50275733025128;radius 0.5,latitude 46.032397;longitude -73.421298;radius 0.5,latitude 46.02699;longitude -73.435402;radius 0.3,latitude 46.035837;longitude -73.457556;radius 0.5,latitude 48.41763;longitude -71.223274;radius 0.3,latitude 48.405822;longitude -71.247736;radius 0.3,latitude 46.558811;longitude -75.505422;radius 0.1,latitude 46.560616;longitude -75.507747;radius 0.1,latitude 48.545072;longitude -71.654551;radius 0.4,latitude 45.615831;longitude -73.609348;radius 0.7,latitude 45.493857;longitude -73.5087;radius 0.2,latitude 45.516351;longitude -73.52039;radius 0.2,latitude 45.40369;longitude -73.50457;radius 0.1,latitude 45.828739;longitude -73.420872;radius 0.3,latitude 45.530588;longitude -73.621045;radius 0.1,latitude 45.57175382011434;longitude -73.70268734630666;radius 0.2,latitude 46.574297;longitude -72.734012;radius 0.3,latitude 46.564126;longitude -72.7528;radius 0.3,latitude 45.711242;longitude -73.941883;radius 0.4,latitude 46.81799272408378;longitude -71.15064320430564;radius 0.4,latitude 46.80343488859958;longitude -71.17297825692857;radius 0.1,latitude 46.734431123665104;longitude -71.2669357230891;radius 0.1,latitude 46.79285299433772;longitude -71.16162515353274;radius 0.1,latitude 46.098457;longitude -71.324492;radius 0.3,latitude 46.736868;longitude -71.399553;radius 0.2,latitude 45.422806;longitude -73.61201;radius 0.1,latitude 45.436573;longitude -73.605819;radius 0.5,latitude 45.442041;longitude -73.711948;radius 0.2,latitude 48.840704;longitude -67.497451;radius 0.2,latitude 45.550873;longitude -73.632807;radius 0.2,latitude 45.5517595;longitude -73.6423275;radius 0.3,latitude 45.540622;longitude -73.578495;radius 0.2,latitude 45.530087;longitude -73.593674;radius 0.2,latitude 45.523793;longitude -73.586381;radius 0.1,latitude 45.599815;longitude -73.65253;radius 0.2,latitude 45.522794;longitude -73.61987;radius 0.1,latitude 45.483396;longitude -73.869284;radius 0.2,latitude 45.650611;longitude -73.498141;radius 0.3,latitude 49.186491;longitude -68.2625;radius 0.3,latitude 45.763453;longitude -73.433744;radius 0.3,latitude 46.01533;longitude -73.148862;radius 0.2,latitude 48.43258;longitude -68.523943;radius 0.2,latitude 48.44817819725088;longitude -68.52775903478683;radius 0.2,latitude 47.827058;longitude -69.538705;radius 0.2,latitude 47.82908497801168;longitude -69.53710054456056;radius 0.1,latitude 48.64978243990569;longitude -72.45858296440719;radius 0.2,latitude 45.560529;longitude -73.577247;radius 0.1,latitude 45.559474;longitude -73.583278;radius 0.1,latitude 45.55704866277168;longitude -73.58188653756353;radius 0.2,latitude 48.22889238383965;longitude -79.0071441923601;radius 0.1,latitude 45.422695;longitude -71.877789;radius 0.3,latitude 45.410284509731866;longitude -71.88633495394937;radius 0.3,latitude 45.49434907846978;longitude -73.5626867937252;radius 0.3,latitude 45.477887;longitude -73.587373;radius 0.2,latitude 45.643859;longitude -72.953593;radius 0.2,latitude 45.617841341058295;longitude -72.9706923748566;radius 0.7,latitude 45.2974900777329;longitude -73.26896982360213;radius 0.3,latitude 45.302199;longitude -73.25696;radius 0.1,latitude 45.33306;longitude -73.276769;radius 0.2,latitude 45.779602;longitude -73.999315;radius 0.2,latitude 45.77038;longitude -74.03122;radius 0.2,latitude 45.496898;longitude -73.703015;radius 0.1,latitude 45.506471;longitude -73.703333;radius 0.2,latitude 45.506029;longitude -73.554723;radius 0.1,latitude 45.517761;longitude -73.568756;radius 0.1,latitude 45.514427;longitude -73.566167;radius 0.1,latitude 45.529709;longitude -73.557247;radius 0.2,latitude 45.587835;longitude -73.738079;radius 0.1,latitude 45.60417795272721;longitude -73.78349951422567;radius 0.3,latitude 45.400015;longitude -71.898096;radius 0.1,latitude 45.535175;longitude -73.464779;radius 0.3,latitude 45.535943;longitude -73.493944;radius 0.3,latitude 46.796375;longitude -71.233402;radius 0.1,latitude 46.811492;longitude -71.217016;radius 0.1,latitude 46.813874;longitude -71.222665;radius 0.1,latitude 46.805341;longitude -71.252259;radius 0.1,latitude 46.814032;longitude -71.206478;radius 0.1,latitude 46.816956;longitude -71.236186;radius 0.2,latitude 46.79328292148;longitude -71.26383766125663;radius 0.3,latitude 45.720901;longitude -73.705654;radius 0.3,latitude 45.723112;longitude -73.704609;radius 0.1,latitude 46.359278;longitude -72.567919;radius 0.1,latitude 45.522531495768874;longitude -73.42039099635215;radius 0.1,latitude 46.821008;longitude -71.248678;radius 0.1,latitude 46.818821;longitude -71.251406;radius 0.1,latitude 45.393752;longitude -74.028078;radius 0.3,latitude 45.576265;longitude -73.305768;radius 0.1,latitude 45.48091;longitude -73.611945;radius 0.2,latitude 45.489341;longitude -73.58711;radius 0.2,latitude 45.495312416143776;longitude -73.5784162578168;radius 0.2,latitude 45.496874;longitude -73.578113;radius 0.2,latitude 45.50728;longitude -73.568271;radius 0.1,latitude 45.509540569478276;longitude -73.56940329153406;radius 0.1,latitude 45.50971594705797;longitude -73.5817794581163;radius 0.3",,,,,,,,,,Provided by Advertiser,fr,,,,
ad8aa19c36c5db238f2037a5b804e96dbdcb1fa65ff0ac1dde8d8158a560aa2c,https://www.snap.com/political-ads/asset/19f3df4663f9150834b9fbe35d58dfb729fae098287171920227104bb056abb8?mediaType=mp4,USD,2,2,2022/10/30 13:00:00Z,2022/10/31 03:59:00Z,BerlinRosen,"15 Maiden Lane #16,New York,10038,US",,United We Dream Action,,,,,,17+,united states,,,,,latitude 29.568841;longitude -97.964727;radius 5.0,,,,,,,,,,Provided by Advertiser,,,,,
157701abfbd7e4d97462a688b2ab8702d21b82b9611aa8d1c747cec8451f376b,https://www.snap.com/political-ads/asset/e3cd0a1689da49b0dea64492df5abd150f046b505439ea7ba6bcebf8a5404aae?mediaType=png,USD,191,7449,2022/11/02 17:55:20Z,2022/11/09 05:59:00Z,Veracity Media,US,Billy Jones,Friends of Billy Jones,,,,,,18+,united states,,,,,,,,,"12847,12901,12903,12910,12911,12912,12913,12914,12916,12917,12918,12919,12920,12921,12922,12923,12924,12926,12929,12930,12933,12934,12935,12937,12939,12944,12945,12952,12953,12955,12957,12958,12959,12962,12965,12966,12967,12969,12970,12972,12973,12976,12978,12979,12980,12981,12983,12985,12986,12989,12992,13613,13655,13662,13672,13676,13697",,,,,,Provided by Advertiser,,,,,
4599b4d4b5c25be84f0ed634f9b4a5d6a85c4d9572fb67d8e180dbe7a1f91386,https://www.snap.com/political-ads/asset/60e56cf52fd26adba302ddd243d17c7c6146d6797bdabdd5e5a8c3a1bc6b43cc?mediaType=png,USD,51,44182,2022/09/12 18:05:44Z,2022/09/24 20:59:44Z,BlueAce,KW,,Blue Ace Media 2022,,,,,,,kuwait,"Hawalli,Al Kuwayt",,,,,,,,,,,,,,Provided by Advertiser,"ar,en",,,,
56aefc785f7a9fc235560be6df043b83d0179a35d18068e0329e61247901a397,https://www.snap.com/political-ads/asset/fa3b4385aab39854399319f12e3ebae66500da06ceb2fb6b0d10fd87a2d6b187?mediaType=mp4,SEK,1486,1579,2022/08/01 05:00:44Z,2022/08/07 21:59:00Z,Reform Society,"Kungsgatan 18,Stockholm,111 35,SE",Hands off,RFSU,,,,,,18+,sweden,Stockholms Lan,,,,,,,,,,,,"Political News Watchers,Parents & Family-Focused,Philanthropists,Wellness & Healthy Lifestyle",,Provided by Advertiser,,,,,web_view_url:https://handsoff.rfsu.se/
9f8d329659c1799cd2a9ae3bd186f89b0ca7dd8d48ca6910369ede8378c9e23a,https://www.snap.com/political-ads/asset/97519ecafcf92ae8f5976500314d75ab41e25b2c70c47e233f2568fa181a7e44?mediaType=png,AUD,10000,1168691,2022/05/08 23:00:00Z,2022/05/20 13:59:59Z,Australian Government Department of Finance,"100 Chalmers Street,Surry Hills,2010,AU",,Australian Electoral Commission,,,,,,18-24,australia,,,,,,,,,,,,,,,Provided by Advertiser,,,,,
fa59bc871c7a1231ce1a230695755704e6468d1bb8c6992cbb935ed17f595a29,https://www.snap.com/political-ads/asset/98071cda1ae81d9d09f8514769a92e8e27041fcbb7c9b042078f0633d2564db4?mediaType=png,USD,0,1,2022/02/15 15:36:07Z,2022/02/17 06:59:59Z,Sullivan Jones Senate Campaign,US,,Sullivan Jones Senate Campaign,,,,,,,united states,,,,,latitude 42.82265374498775;longitude -102.99943401405628;radius 1.58,,,,,,,,,,Provided by Advertiser,,,,,
777fed6099d7ead419162371f1355ade2a51e046658c33c1e96eab10f198de06,https://www.snap.com/political-ads/asset/b32291b67ba484a480dca84589869d475d2c08d07da258805b6e22a733fed0f4?mediaType=mp4,USD,1788,9,2022/10/25 15:30:00Z,2022/11/08 23:00:00Z,Wavelength Strategy,US,,Mark Kelly for Senate,,,,,,18+,united states,Arizona,,,,,,,,,,,,"targetsmart_01,targetsmart_02,targetsmart_03,targetsmart_05,targetsmart_06,targetsmart_08,targetsmart_09,targetsmart_11,targetsmart_12,targetsmart_13,targetsmart_14,targetsmart_17,targetsmart_19,targetsmart_20",,Provided by Advertiser,,,,,
410579cc950cc48174ab7bc7404195f366bbd32abaeb91c635d7c47d251ca50b,https://www.snap.com/political-ads/asset/eb5d1f0d77aa8d6f82473a9ad5eb48170b5c7579fcc86bbb8d91b5a509a786c8?mediaType=mp4,SEK,1007,4452,2022/08/22 07:00:59Z,2022/09/11 21:59:59Z,Reform Society,"Kungsgatan 18,Stockholm,111 35,SE",Hands off,RFSU,,,,,,18+,sweden,,,,,,,,,,,,,,,,,,,,web_view_url:https://handsoff.rfsu.se/?utm_source=Snapchat&utm_medium=cpm&utm_campaign=Valkampanj2022&utm_id=60375
9cf5506f3e631ca5eef55892eeea53c6eb3179439c5ec094f00dfe87c84f9f37,https://www.snap.com/political-ads/asset/723ee82962ab095c79af8222addf832ef0283bbc4af405f20ca07c395b205721?mediaType=png,USD,40,1739,2022/11/08 07:00:21Z,2022/11/09 00:00:00Z,Veracity Media,US,Voter Action Project,Voter Action Project,,,,,FEMALE,18-39,united states,Nevada,,,,,,,,,,,,,,Provided by Advertiser,en,,,,
2a63f20ce53080e11de44b4248d5b73e846888c1da76c5f0027d7b88f07231b8,https://www.snap.com/political-ads/asset/ca05ce0e3cb36de893af100de5a2c74b5e8599798b56bf21580b497c8c487b3b?mediaType=mp4,SEK,8389,38046,2022/08/22 07:00:59Z,2022/09/11 21:59:59Z,Reform Society,"Kungsgatan 18,Stockholm,111 35,SE",Hands off,RFSU,,,,,,18+,sweden,,,,,,,,,,,,,,,,,,,,web_view_url:https://handsoff.rfsu.se/?utm_source=Snapchat&utm_medium=cpm&utm_campaign=Valkampanj2022&utm_id=60375
c40294aaf49317314a31029bea80a048ef8ed8d5374ce6352011e96f7de33fbb,https://www.snap.com/political-ads/asset/60d27cf3098ab3b181f402af77315e9cfdfe253827928221eccc21d130d3a240?mediaType=mp4,AUD,50000,126073,2022/04/11 23:00:00Z,2022/04/18 06:00:00Z,Australian Government Department of Finance,"100 Chalmers Street,Surry Hills,2010,AU",,Australian Electoral Commission,,,,,,18-24,australia,,,,,,,,,,,,,,,Provided by Advertiser,,,,,web_view_url:https://www.aec.gov.au/
fe294c882f5945dff0537bbe3a6ce7d88506d84cccde13571e9803992b0b50db,https://www.snap.com/political-ads/asset/184d5321d4b26bfaf383add24d18fe6e20ae634053ac08b3ec2d6ecc7a6a48fe?mediaType=mp4,SEK,1425,1150,2022/08/01 05:00:44Z,2022/08/07 21:59:00Z,Reform Society,"Kungsgatan 18,Stockholm,111 35,SE",Hands off,RFSU,,,,,,18+,sweden,Stockholms Lan,,,,,,,,,,,,"Political News Watchers,Parents & Family-Focused,Philanthropists,Wellness & Healthy Lifestyle",,Provided by Advertiser,,,,,web_view_url:https://handsoff.rfsu.se/
3293280531c86ef6df4d1bbf367fee91ea90aefbd186a4ca0279d79c38f198cb,https://www.snap.com/political-ads/asset/6c910084344be31f7c4f4b9d028018f2a9653a76a8f5bb10d62bf40a681cb117?mediaType=png,NOK,18333,158292,2022/03/03 14:59:05Z,2022/03/21 22:59:59Z,"Mindshare Norway AS ","Kongens gate 6,Oslo,0153,NO",,Røde Kors,,,,,,18+,norway,,,,,,,,,,,,,,,Provided by Advertiser,,,,,
bcf37c47bf84f7ea580a48f07c53387247f4657a548adde394bd8bfcbae90478,https://www.snap.com/political-ads/asset/9d65abc56a908e0fd7a5dcf38cb560e2fbca0e53d5bdea7823c19ff4ecaa1c77?mediaType=mp4,NOK,18333,67249,2022/03/03 08:45:05Z,2022/03/21 22:59:59Z,"Mindshare Norway AS ","Kongens gate 6,Oslo,0153,NO",,Røde Kors,,,,,,18+,norway,,,,,,,,,,,,,,,Provided by Advertiser,,,,,web_view_url:https://www.rodekors.no/nodhjelp-til-ukraina/?utm_source=Snapchat&utm_medium=social&utm_campaign=ukraina_nodhjelp
3dacba506de33ab47585530050458730a798467d1cfc592e0bf5d7abdad246b3,https://www.snap.com/political-ads/asset/536726db62f73b0f6b6f617a3bdb30de3cdccefac35657f7e81eed9db8041702?mediaType=png,USD,3339,66050,2022/10/17 21:15:22Z,2022/11/09 04:59:00Z,"Odonnell Company ","59 Elm Street,New Haven,06511,US",,CT Secretary of the State,,,,,,18-30,united states,Connecticut,,,,,,,,,,,,,,,,,,,
87aeca9a447c659b556feecd0f27901857677dcfb587ac95a56659fe0400170e,https://www.snap.com/political-ads/asset/0834a1178a0f4e63c0700c2b9c87e8460df9842d8e6b2b0fa3422778face1e06?mediaType=png,USD,11,2293,2022/02/19 03:00:06Z,2022/02/26 00:00:06Z,Sullivan Jones Senate Campaign,US,,Sullivan Jones Senate Campaign,,,,,,,united states,,,,,latitude 42.822412603983906;longitude -102.99884207021476;radius 2.72,,,,,,,,,,Provided by Advertiser,,,,,
f5e92ece29ca14fd8e90f5037be5ba5865246302f6e46272d9d96fbf8445e675,https://www.snap.com/political-ads/asset/f8b9f2f8f908b023ee0080dee93840fb25da44bdd689fb16ff18d6898f5d2bff?mediaType=mp4,SEK,1125,4637,2022/08/22 07:00:59Z,2022/09/11 21:59:59Z,Reform Society,"Kungsgatan 18,Stockholm,111 35,SE",Hands off,RFSU,,,,,,18+,sweden,,,,,,,,,,,,,,,,,,,,web_view_url:https://handsoff.rfsu.se/?utm_source=Snapchat&utm_medium=cpm&utm_campaign=Valkampanj2022&utm_id=60375
b7a97ab043f504ec044d6e01e60e3014035852f752812c6aee754504649cf3c6,https://www.snap.com/political-ads/asset/ca05ce0e3cb36de893af100de5a2c74b5e8599798b56bf21580b497c8c487b3b?mediaType=mp4,SEK,1380,1913,2022/08/01 05:00:44Z,2022/08/07 21:59:00Z,Reform Society,"Kungsgatan 18,Stockholm,111 35,SE",Hands off,RFSU,,,,,,18+,sweden,Stockholms Lan,,,,,,,,,,,,,,Provided by Advertiser,,,,,web_view_url:https://handsoff.rfsu.se/
f479f281b8a05eabdf36c2bad4b4982fe383ae5b0822d5bd5aeaf30738e65da6,https://www.snap.com/political-ads/asset/5a134963e751bfefb8b624ce316ee3caaf68e26ac338f345f5e5f0dcf0a13332?mediaType=png,USD,142,2286,2022/11/02 17:43:54Z,2022/11/09 05:59:00Z,Veracity Media,US,Aileen Gunther,Committee to Elect Aileen Gunthe,,,,,,18+,united states,,,,,,,,,"10919,10924,10932,10940,10941,10963,12483,12549,12566,12701,12719,12720,12721,12722,12723,12724,12726,12729,12732,12733,12734,12736,12737,12738,12741,12742,12743,12745,12747,12748,12749,12750,12751,12752,12754,12758,12759,12760,12762,12763,12764,12766,12767,12768,12769,12770,12775,12776,12777,12778,12779,12780,12781,12783,12784,12785,12786,12787,12788,12789,12790,12791,12792",,,,,,Provided by Advertiser,,,,,
ed22410342e92fa8d5c9ca9cd705010a09a79690718c13a9d40ce8f34db53f74,https://www.snap.com/political-ads/asset/f104b986a14843352da27a18a8e9e35d669d4cd13dc0cc3b2f798ee5a01d2e86?mediaType=png,USD,136,5310,2022/11/02 17:15:28Z,2022/11/09 05:59:00Z,Veracity Media,US,Vincent Argenziano,Vincent for New York,,,,,,18+,united states,,,,,,,,,"10303,10314,10301,10304,10306,10312",,,,,,Provided by Advertiser,en,,,,
49a43e1495d044b4d83cdf357364664d0c4c4828c1c80f3fea7d4bb1aa6c788c,https://www.snap.com/political-ads/asset/200a1e4613ddd8b275df1bc3c4d10470eb57c9ffe18b3f45f7147863752978d9?mediaType=png,USD,1,1864,2022/05/14 12:00:00Z,2022/05/15 06:59:59Z,Open Hand Media,"235 E. Broadway, Suite 320, Long Beach, CA,Long Beach,90803,US",,Planned Parenthood,,,,,,15+,united states,,,,,latitude 33.72505774724357;longitude -117.91030247848252;radius 1.0,,,,,,,,,,Provided by Advertiser,,,,,
b379e576362ad8cbabdfefac8fbf869a91ac76e77f971608a8f7a80610e65ddb,https://www.snap.com/political-ads/asset/7e50fc220ace481de2df3d9ffbba90183264fa3e67fd155f11f12d5cedd6ea6d?mediaType=mp4,USD,57,38,2022/10/20 17:46:42Z,2022/11/08 20:00:00Z,OpAD Media,"275 Madison Avenue, Suite 2200,New York ,10016,US",,NYC Racial Justice Commission,,,,,,18+,united states,,"Maine,Nebraska,Alabama,North Carolina,Wyoming,Tennessee,Wisconsin,Indiana,Oklahoma,Iowa,New Mexico,District of Columbia,Virginia,Michigan,Kansas,South Dakota,Minnesota,Rhode Island,West Virginia,South Carolina,Washington,Vermont,California,Nevada,Colorado,New Hampshire,Mississippi,Maryland,North Dakota,Connecticut,Hawaii,Arkansas,Illinois,Texas,Utah,Alaska,Kentucky,Arizona,Georgia,Montana,Oregon,Massachusetts,New Jersey,Delaware,Louisiana,Missouri,Ohio,Pennsylvania,Florida,Idaho",,,,,,,"10451,10452,10453,10454,10455,10456,10457,10458,10459,10460,10461,10462,10463,10464,10465,10466,10467,10468,10469,10470,10471,10472,10473,10474,10475,11201,11202,11203,11204,11205,11206,11207,11208,11209,11210,11211,11212,11213,11214,11215,11216,11217,11218,11219,11220,11221,11222,11223,11224,11225,11226,11228,11229,11230,11231,11232,11233,11234,11235,11236,11237,11238,11239,11241,11242,11243,11245,11247,11249,11251,11252,11256,10001,10002,10003,10004,10005,10006,10007,10008,10009,10010,10011,10012,10013,10014,10016,10017,10018,10019,10020,10021,10022,10023,10024,10025,10026,10027,10028,10029,10030,10031,10032,10033,10034,10035,10036,10037,10038,10039,10040,10041,10043,10044,10045,10055,10060,10065,10069,10075,10080,10081,10087,10090,10101,10102,10103,10104,10105,10106,10107,10108,10109,10110,10111,10112,10113,10114,10115,10116,10117,10118,10119,10120,10121,10122,10123,10124,10125,10126,10128,10129,10130,10131,10132,10133,10138,10150,10151,10152,10153,10154,10155,10156,10157,10158,10159,10160,10161,10162,10163,10164,10165,10166,10167,10168,10169,10170,10171,10172,10173,10174,10175,10176,10177,10178,10179,10185,10199,10203,10211,10212,10213,10242,10249,10256,10258,10259,10260,10261,10265,10268,10269,10270,10271,10272,10273,10274,10275,10276,10277,10278,10279,10280,10281,10282,10285,10286,11004,11005,11101,11102,11103,11104,11105,11106,11109,11120,11351,11352,11354,11355,11356,11357,11358,11359,11360,11361,11362,11363,11364,11365,11366,11367,11368,11369,11370,11371,11372,11373,11374,11375,11377,11378,11379,11380,11381,11385,11386,11405,11411,11412,11413,11414,11415,11416,11417,11418,11419,11420,11421,11422,11423,11424,11425,11426,11427,11428,11429,11430,11431,11432,11433,11434,11435,11436,11439,11451,11499,11690,11691,11692,11693,11694,11695,11697,10301,10302,10303,10304,10305,10306,10307,10308,10309,10310,10311,10312,10313,10314",,,,,,Provided by Advertiser,en,,,,"web_view_url:https://racialjustice.cityofnewyork.us/?utm_medium=English&utm_source=Social&utm_campaign=RJC,VoterEducation"
7ec3724341d28d4bc37536e0f4e3d6fc99103a79cb7d228c18483a45551bf9a1,https://www.snap.com/political-ads/asset/b2958141734143fe9068bfcc188b7d9c64c30cd65b301c75e6f5f3068fdf00f4?mediaType=mp4,USD,306,469,2022/11/01 17:38:35Z,2022/11/08 23:59:00Z,BerlinRosen,"15 Maiden Lane #16,New York,10038,US",,United We Dream Action,,,,,,18-35,united states,Florida,,,,,,,,,,,,"Advocates & Activists,Mexican Food Shoppers,nln_7169,Latin Music Fans",,Provided by Advertiser,es,"Household Income: Under $50000,Household Income: $50000 - $99999",,,
1c6be7a584f1031abf553fae62f164004669ba6be2636dfc2d108835d0de18c6,https://www.snap.com/political-ads/asset/3feae61f1aa349d4900ffd44b49e84017cbe229c11ef2d62c2b031d7c63581d6?mediaType=mp4,USD,2864,2324,2022/11/28 18:41:40Z,2022/12/06 22:00:00Z,AL Media,"222 W Ontario, Suite 600,,Chicago,60654,US",Warnock For Georgia,Warnock for Georgia,,,,,,18+,united states,Georgia,,,,,,,,,,,,"targetsmart_23,targetsmart_18",,Provided by Advertiser,,,,,web_view_url:https://iwillvote.com/?state=ga&partner=sencamp&partner_campaign=wfg_snap_2022ro&partner_medium=ads&utm_source=sencamp&utm_campaign=wfg_snap_2022ro&utm_medium=ads
15e515c68255afc025d54259d2276a5e12661cc7f3ce5f273db4afdf806b06b3,https://www.snap.com/political-ads/asset/57432a5e9274533eeeecc4bf1bc856fa4e8208ee3cc16d6f2e9cc9580348aed9?mediaType=mp4,SEK,4117,20657,2022/08/22 07:00:59Z,2022/09/11 21:59:59Z,Reform Society,"Kungsgatan 18,Stockholm,111 35,SE",Hands off,RFSU,,,,,,18+,sweden,,,,,,,,,,,,,,,,,,,,web_view_url:https://handsoff.rfsu.se/?utm_source=Snapchat&utm_medium=cpm&utm_campaign=Valkampanj2022&utm_id=60375
f09b59147118eb07fa21ff6f554a7ed5bc919f8f6b94153aabc07e39b5923bb3,https://www.snap.com/political-ads/asset/a13513570568b0eebd12cd2ae0c937b05dbe0c9ea739e636357d83110154d913?mediaType=png,CAD,0,9,2022/10/26 13:00:47Z,2022/10/27 04:59:00Z,City of Winnipeg,"510 Main St.,Winnipeg,R3B 1B9,CA",City of Winnipeg Election 2022,City of Winnipeg,,,,,,18+,canada,,,,,,,Winnipeg,,,,,,,,Provided by Advertiser,fr,,,,
fdeadd044b6dd2256193b8208d3bc15688a925e449e184e6274987828ae0d4ff,https://www.snap.com/political-ads/asset/184d5321d4b26bfaf383add24d18fe6e20ae634053ac08b3ec2d6ecc7a6a48fe?mediaType=mp4,SEK,963,3972,2022/08/22 07:00:59Z,2022/09/11 21:59:59Z,Reform Society,"Kungsgatan 18,Stockholm,111 35,SE",Hands off,RFSU,,,,,,18+,sweden,,,,,,,,,,,,,,,,,,,,web_view_url:https://handsoff.rfsu.se/?utm_source=Snapchat&utm_medium=cpm&utm_campaign=Valkampanj2022&utm_id=60375
a9530963f95c3c87353056d80a57a5e2622ba19505b225a18368743c147627d2,https://www.snap.com/political-ads/asset/eb5d1f0d77aa8d6f82473a9ad5eb48170b5c7579fcc86bbb8d91b5a509a786c8?mediaType=mp4,SEK,785,458,2022/08/01 05:00:44Z,2022/08/07 21:59:00Z,Reform Society,"Kungsgatan 18,Stockholm,111 35,SE",Hands off,RFSU,,,,,,18+,sweden,Stockholms Lan,,,,,,,,,,,,"Political News Watchers,Parents & Family-Focused,Philanthropists,Wellness & Healthy Lifestyle",,Provided by Advertiser,,,,,web_view_url:https://handsoff.rfsu.se/
2e1f0b097097ce40e22d95256fe3a68368175fc317da704af59ddaa50cff4b0b,https://www.snap.com/political-ads/asset/b2958141734143fe9068bfcc188b7d9c64c30cd65b301c75e6f5f3068fdf00f4?mediaType=mp4,USD,3,4,2022/10/30 13:00:00Z,2022/10/31 03:59:00Z,BerlinRosen,"15 Maiden Lane #16,New York,10038,US",,United We Dream Action,,,,,,17+,united states,,,,,latitude 29.568841;longitude -97.964727;radius 5.0,,,,,,,,,,Provided by Advertiser,,,,,
04c1e356b77adabfefe6509fd1be445125ce735b6e73aaf3f3a617647dadb47e,https://www.snap.com/political-ads/asset/184d5321d4b26bfaf383add24d18fe6e20ae634053ac08b3ec2d6ecc7a6a48fe?mediaType=mp4,SEK,1287,1191,2022/08/01 05:00:44Z,2022/08/07 21:59:00Z,Reform Society,"Kungsgatan 18,Stockholm,111 35,SE",Hands off,RFSU,,,,,,18+,sweden,Stockholms Lan,,,,,,,,,,,,,,Provided by Advertiser,,,,,web_view_url:https://handsoff.rfsu.se/
beba2fb193bccba4abfd8866fa05ace203c709754112e0d7ece440fcecfc00a3,https://www.snap.com/political-ads/asset/703488a338d5de6fa1e15157de79bca1885a60b1a5225acbdf9f149044669c8a?mediaType=mp4,SEK,412,647,2022/08/22 07:00:59Z,2022/09/11 21:59:59Z,Reform Society,"Kungsgatan 18,Stockholm,111 35,SE",Hands off,RFSU,,,,,,18+,sweden,,,,,,,,,,,,,,,,,,,,web_view_url:https://handsoff.rfsu.se/?utm_source=Snapchat&utm_medium=cpm&utm_campaign=Valkampanj2022&utm_id=60375
8a0451fcf9fe6927527c922492e52714938051d68b51efb5b73eca17c20bf6af,https://www.snap.com/political-ads/asset/e079a3f93e1075a8265f419e6056458b4e3e59feadfd9cf7d6c8fcdf04e171b8?mediaType=mp4,SEK,2142,2829,2022/08/01 05:00:44Z,2022/08/07 21:59:00Z,Reform Society,"Kungsgatan 18,Stockholm,111 35,SE",Hands off,RFSU,,,,,,18+,sweden,Stockholms Lan,,,,,,,,,,,,"Political News Watchers,Parents & Family-Focused,Philanthropists,Wellness & Healthy Lifestyle",,Provided by Advertiser,,,,,web_view_url:https://handsoff.rfsu.se/
b073e913eed236f7e405dcb3de53c265e345fbc72607aae496e72d2a6a172fe1,https://www.snap.com/political-ads/asset/e079a3f93e1075a8265f419e6056458b4e3e59feadfd9cf7d6c8fcdf04e171b8?mediaType=mp4,SEK,549,1020,2022/08/22 07:00:59Z,2022/09/11 21:59:59Z,Reform Society,"Kungsgatan 18,Stockholm,111 35,SE",Hands off,RFSU,,,,,,18+,sweden,,,,,,,,,,,,,,,,,,,,web_view_url:https://handsoff.rfsu.se/?utm_source=Snapchat&utm_medium=cpm&utm_campaign=Valkampanj2022&utm_id=60375
b6370285acd41d6a55fdced4c78a7feb3d3897619ae5e6a786400ab1917894b1,https://www.snap.com/political-ads/asset/703488a338d5de6fa1e15157de79bca1885a60b1a5225acbdf9f149044669c8a?mediaType=mp4,SEK,1092,5460,2022/08/22 07:00:59Z,2022/09/11 21:59:59Z,Reform Society,"Kungsgatan 18,Stockholm,111 35,SE",Hands off,RFSU,,,,,,18+,sweden,,,,,,,,,,,,,,,,,,,,web_view_url:https://handsoff.rfsu.se/?utm_source=Snapchat&utm_medium=cpm&utm_campaign=Valkampanj2022&utm_id=60375
75705074fc2b8293cf97a6e022ac023706c7f6a1da59874b2dda7aa58328f6da,https://www.snap.com/political-ads/asset/04e8336abd25bf078b0e48e67eca923dcbf3f46930e63b3a0f6c2ba8fb8f5e3a?mediaType=mp4,USD,788,6365,2022/09/12 16:31:54Z,2022/11/08 23:00:00Z,Wavelength Strategy,US,,Mark Kelly for Senate,,,,,,18+,united states,,,,,latitude 32.2319;longitude -110.95354;radius 4.0,,,,,,,,,,Provided by Advertiser,,,,,web_view_url:https://markkelly.com/?utm_source=snap&utm_medium=paid
1380378d4e276832e4631c954dee0910163a48d8c585055c3f8b80e41c0475e5,https://www.snap.com/political-ads/asset/5a14dffd540ff56f073163899b057377e2ca3267c3c774f2ba609c3321fe942d?mediaType=png,USD,650,13505,2022/11/02 18:03:54Z,2022/11/09 05:59:00Z,Veracity Media,US,Monica Wallace,Friends of Monica Wallace,,,,,,18+,united states,,,,,,,,,"14004,14026,14043,14059,14086,14206,14211,14212,14215,14221,14224,14225,14226,14227",,,,,,Provided by Advertiser,,,,,
646e1959b2c0010ca0eff8f2b18f1d4c80373c863b8d7e754de7ebb9b49e3a11,https://www.snap.com/political-ads/asset/eb5d1f0d77aa8d6f82473a9ad5eb48170b5c7579fcc86bbb8d91b5a509a786c8?mediaType=mp4,SEK,436,690,2022/08/22 07:00:59Z,2022/09/11 21:59:59Z,Reform Society,"Kungsgatan 18,Stockholm,111 35,SE",Hands off,RFSU,,,,,,18+,sweden,,,,,,,,,,,,,,,,,,,,web_view_url:https://handsoff.rfsu.se/?utm_source=Snapchat&utm_medium=cpm&utm_campaign=Valkampanj2022&utm_id=60375
5200348e27c47d8c240b37da37992f7557292ae94cafe2ef85aec1898ea9b568,https://www.snap.com/political-ads/asset/1e97c7d602d65339ceb424042b721f255530a34df9628fd9e30c1226656ec20f?mediaType=png,USD,176,7273,2022/11/02 17:58:10Z,2022/11/09 05:59:00Z,Veracity Media,US,Carrie Woerner,Friends of Carrie Woerner,,,,,,18+,united states,,,,,,,,,"12019,12020,12094,12118,12151,12154,12170,12185,12803,12804,12809,12816,12823,12827,12828,12831,12832,12833,12834,12838,12839,12865,12866,12871,12873,12884",,,,,,Provided by Advertiser,,,,,
5ead5f7da0b8020f144e30f9a91a1371863bf33ec9fec3266462c7c2a42f0c63,https://www.snap.com/political-ads/asset/b2958141734143fe9068bfcc188b7d9c64c30cd65b301c75e6f5f3068fdf00f4?mediaType=mp4,USD,269,490,2022/11/01 17:38:35Z,2022/11/08 23:59:00Z,BerlinRosen,"15 Maiden Lane #16,New York,10038,US",,United We Dream Action,,,,,,18-35,united states,Arizona,,,,,,,,,,,,"Advocates & Activists,Mexican Food Shoppers,nln_7169,Latin Music Fans",,Provided by Advertiser,es,"Household Income: Under $50000,Household Income: $50000 - $99999",,,
cc5d1267f416cc4a4d514f0bde58ecf10675882b1717a8a8146d5b40372cde46,https://www.snap.com/political-ads/asset/b539bd011e20e0f77fe53c13c96313d4e537e81c59169e435accb00b52fa8030?mediaType=png,USD,39,2881,2022/11/08 07:00:21Z,2022/11/09 00:00:00Z,Veracity Media,US,Voter Action Project,Voter Action Project,,,,,FEMALE,18-39,united states,Nevada,,,,,,,,,,,,,,Provided by Advertiser,en,,,,
6f7dea9b994d11309f13de85a352047f38f26c23389d7c424941b377440e4914,https://www.snap.com/political-ads/asset/e079a3f93e1075a8265f419e6056458b4e3e59feadfd9cf7d6c8fcdf04e171b8?mediaType=mp4,SEK,2100,10231,2022/08/22 07:00:59Z,2022/09/11 21:59:59Z,Reform Society,"Kungsgatan 18,Stockholm,111 35,SE",Hands off,RFSU,,,,,,18+,sweden,,,,,,,,,,,,,,,,,,,,web_view_url:https://handsoff.rfsu.se/?utm_source=Snapchat&utm_medium=cpm&utm_campaign=Valkampanj2022&utm_id=60375
25889949176a1cb3088bfc1b8425cbd61ce0acf245c888fd4e5aa4c6a3040040,https://www.snap.com/political-ads/asset/ed99b04e2364d7e23dea037db0c6be12c754f7d7aeed796fdeb157a320750212?mediaType=png,USD,258,3576,2022/11/02 17:48:03Z,2022/11/09 05:59:00Z,Veracity Media,US,Bill Conrad,Friends of Bill Conrad,,,,,,18+,united states,,,,,,,,,"14120,14150,14207,14213,14216,14217,14223",,,,,,Provided by Advertiser,,,,,
4d879ec612391660e656c49e191758a22b90ac9fff29383aeaf1c1d3e9447f4b,https://www.snap.com/political-ads/asset/db6a3bc86b1187c1a5aa5adb0384e51904e952b40bc8f59b364e59cab0edb41c?mediaType=png,USD,2000,41817,2022/10/28 13:00:00Z,2022/11/12 04:59:00Z,"Odonnell Company ","59 Elm Street,New Haven,06511,US",,CT Secretary of the State,,,,,,18-40,united states,Connecticut,,,,,,,,,,,,,,,,,,,
0c53b4e54d5a730112bfc6e09810f1fd7c3cf6b2b390a626cdc01b49749e4384,https://www.snap.com/political-ads/asset/b2958141734143fe9068bfcc188b7d9c64c30cd65b301c75e6f5f3068fdf00f4?mediaType=mp4,USD,199,227,2022/11/01 17:38:35Z,2022/11/08 23:59:00Z,BerlinRosen,"15 Maiden Lane #16,New York,10038,US",,United We Dream Action,,,,,,18-35,united states,Nevada,,,,,,,,,,,,"Advocates & Activists,Mexican Food Shoppers,nln_7169,Latin Music Fans",,Provided by Advertiser,es,"Household Income: Under $50000,Household Income: $50000 - $99999",,,
8556a77eeeb8b5ae6a505155a33a789987d66c1ebe42c9e8d7154a96405e4cae,https://www.snap.com/political-ads/asset/4b71cd4cfe1a6d2508bbcf3a2e215f71a7c4a3a0854a8deef754af67d2da64e7?mediaType=png,USD,190,11608,2022/11/02 18:00:35Z,2022/11/09 05:59:00Z,Veracity Media,US,Didi Barrett,Friends of Didi Barrett,,,,,,18+,united states,,,,,,,,,"12037,12075,12184,12501,12502,12503,12513,12514,12516,12517,12521,12522,12523,12526,12529,12530,12534,12538,12545,12546,12565,12567,12569,12571,12572,12578,12580,12581,12583,12590,12592,12601,12603,12604",,,,,,Provided by Advertiser,,,,,
005f9dd2ea281d59845176606cea6c8b05a65efc345d980888a6105a32ef7068,https://www.snap.com/political-ads/asset/19f3df4663f9150834b9fbe35d58dfb729fae098287171920227104bb056abb8?mediaType=mp4,USD,68,300,2022/11/01 17:38:35Z,2022/11/08 23:59:00Z,BerlinRosen,"15 Maiden Lane #16,New York,10038,US",,United We Dream Action,,,,,,18-35,united states,Texas,,,,,,,,,,,,"Advocates & Activists,Mexican Food Shoppers,nln_7169,Latin Music Fans",,Provided by Advertiser,es,"Household Income: Under $50000,Household Income: $50000 - $99999",,,
d3b2a61d553713938e74a12e3a2c3d2dd253a145e1f1aca599f9f1586ed12357,https://www.snap.com/political-ads/asset/703488a338d5de6fa1e15157de79bca1885a60b1a5225acbdf9f149044669c8a?mediaType=mp4,SEK,1204,5068,2022/08/22 07:00:59Z,2022/09/11 21:59:59Z,Reform Society,"Kungsgatan 18,Stockholm,111 35,SE",Hands off,RFSU,,,,,,18+,sweden,,,,,,,,,,,,,,,,,,,,web_view_url:https://handsoff.rfsu.se/?utm_source=Snapchat&utm_medium=cpm&utm_campaign=Valkampanj2022&utm_id=60375
eec0a5ab6b77b5a4648e0105fec501f748205da7926ac0da26cd876d10716534,https://www.snap.com/political-ads/asset/57432a5e9274533eeeecc4bf1bc856fa4e8208ee3cc16d6f2e9cc9580348aed9?mediaType=mp4,SEK,571,690,2022/08/01 05:00:44Z,2022/08/07 21:59:00Z,Reform Society,"Kungsgatan 18,Stockholm,111 35,SE",Hands off,RFSU,,,,,,18+,sweden,Stockholms Lan,,,,,,,,,,,,,,Provided by Advertiser,,,,,web_view_url:https://handsoff.rfsu.se/
a72cf6786f8fb80e7f8366677cd15cb7e1be307cbd33079816ee2dd3e2576c10,https://www.snap.com/political-ads/asset/78846ca2a342a25791ccf87b6924352a89c8c60afcfa73351b4ef19baa5ffb91?mediaType=png,CAD,124,8999,2022/10/26 13:00:47Z,2022/10/27 04:59:00Z,City of Winnipeg,"510 Main St.,Winnipeg,R3B 1B9,CA",City of Winnipeg Election 2022,City of Winnipeg,,,,,,18+,canada,,,,,,,Winnipeg,,,,,,,,Provided by Advertiser,en,,,,
38ea8cb3900ca135406d1403362961cff8dd52e8c0aefb3ae2addee80d4cfe39,https://www.snap.com/political-ads/asset/fb39e38946f91a9e356083dd258734b8b3053f24900f96c6373d0c769e41db8b?mediaType=png,CAD,7,752,2022/09/27 15:36:51Z,2022/09/29 22:00:00Z,Cossette Media Inc,"P.O. Box. 11613, Succ. Centre-ville,Montreal,H3C5V9,CA",BVEE,Élection Québec,,,,,,18+,canada,,,,,"latitude 46.78094190346454;longitude -71.27570860053393;radius 1.2,latitude 45.503234500000005;longitude -73.6161915;radius 0.83,latitude 48.41898540569562;longitude -71.05210164335934;radius 0.46,latitude 45.905751;longitude -72.466871;radius 0.5,latitude 45.558723;longitude -73.720895;radius 0.5,latitude 45.525335;longitude -73.522688;radius 0.5,latitude 48.452869;longitude -68.512667;radius 0.5,latitude 45.364365;longitude -71.845291;radius 1.0,latitude 45.774787111284695;longitude -74.00303108090974;radius 0.2,latitude 45.378801;longitude -71.9276185;radius 1.0,latitude 46.350188;longitude -72.575704;radius 1.0,latitude 45.50463675;longitude -73.5763445;radius 0.5,latitude 46.813439;longitude -71.22535;radius 0.1,latitude 48.093045;longitude -77.787959;radius 0.5,latitude 48.099359510148275;longitude -77.78560610535139;radius 0.2,latitude 45.53718572536292;longitude -73.67529078863983;radius 0.4,latitude 45.512027;longitude -73.6721235;radius 0.5,latitude 45.516475949902286;longitude -73.676269631937;radius 0.3,latitude 45.60205;longitude -73.541673;radius 0.3,latitude 45.639045;longitude -74.350732;radius 0.5,latitude 46.061593;longitude -71.943022;radius 0.7,latitude 46.1310090465565;longitude -70.66125097057024;radius 0.7,latitude 45.25231407066326;longitude -74.13281945417003;radius 0.3,latitude 45.207984145453025;longitude -72.77192851973453;radius 0.7,latitude 46.379239;longitude -72.523315;radius 0.5,latitude 45.48241005090486;longitude -75.68398698154286;radius 0.3,latitude 46.863819;longitude -71.25589;radius 0.3,latitude 46.86134;longitude -71.261717;radius 0.4,latitude 45.344527;longitude -73.76787;radius 0.3,latitude 45.361971;longitude -73.732479;radius 0.1,latitude 46.836284;longitude -71.344867;radius 0.1,latitude 48.42315;longitude -71.052158;radius 0.3,latitude 48.420308;longitude -71.061953;radius 0.1,latitude 47.36756290255897;longitude -70.04052391059727;radius 0.1,latitude 45.488967;longitude -73.641429;radius 0.1,latitude 45.882114;longitude -72.49141;radius 0.1,latitude 50.227074;longitude -66.354666;radius 0.5,latitude 50.222464;longitude -66.363319;radius 0.1,latitude 48.834178;longitude -64.484948;radius 0.4,latitude 45.3992235597224;longitude -72.72999868671795;radius 0.2,latitude 45.380672;longitude -72.745186;radius 0.2,latitude 45.642461;longitude -73.842063;radius 0.5,latitude 45.550841;longitude -73.5543;radius 0.3,latitude 45.447611;longitude -75.736732;radius 0.1,latitude 45.4517;longitude -75.764789;radius 0.6,latitude 45.422472;longitude -75.738186;radius 0.4,latitude 45.428426;longitude -75.738307;radius 0.3,latitude 45.459292;longitude -75.769802;radius 0.4,latitude 45.40383;longitude -73.94322;radius 0.5,latitude 46.829931;longitude -71.227765;radius 0.3,latitude 46.786704;longitude -71.286959;radius 0.4,latitude 45.877622;longitude -72.501914;radius 0.2,latitude 45.87392496626654;longitude -72.50275733025128;radius 0.5,latitude 46.032397;longitude -73.421298;radius 0.5,latitude 46.02699;longitude -73.435402;radius 0.3,latitude 46.035837;longitude -73.457556;radius 0.5,latitude 48.41763;longitude -71.223274;radius 0.3,latitude 48.405822;longitude -71.247736;radius 0.3,latitude 46.558811;longitude -75.505422;radius 0.1,latitude 46.560616;longitude -75.507747;radius 0.1,latitude 48.545072;longitude -71.654551;radius 0.4,latitude 45.615831;longitude -73.609348;radius 0.7,latitude 45.493857;longitude -73.5087;radius 0.2,latitude 45.516351;longitude -73.52039;radius 0.2,latitude 45.40369;longitude -73.50457;radius 0.1,latitude 45.828739;longitude -73.420872;radius 0.3,latitude 45.530588;longitude -73.621045;radius 0.1,latitude 45.57175382011434;longitude -73.70268734630666;radius 0.2,latitude 46.574297;longitude -72.734012;radius 0.3,latitude 46.564126;longitude -72.7528;radius 0.3,latitude 45.711242;longitude -73.941883;radius 0.4,latitude 46.81799272408378;longitude -71.15064320430564;radius 0.4,latitude 46.80343488859958;longitude -71.17297825692857;radius 0.1,latitude 46.734431123665104;longitude -71.2669357230891;radius 0.1,latitude 46.79285299433772;longitude -71.16162515353274;radius 0.1,latitude 46.098457;longitude -71.324492;radius 0.3,latitude 46.736868;longitude -71.399553;radius 0.2,latitude 45.422806;longitude -73.61201;radius 0.1,latitude 45.436573;longitude -73.605819;radius 0.5,latitude 45.442041;longitude -73.711948;radius 0.2,latitude 48.840704;longitude -67.497451;radius 0.2,latitude 45.550873;longitude -73.632807;radius 0.2,latitude 45.5517595;longitude -73.6423275;radius 0.3,latitude 45.540622;longitude -73.578495;radius 0.2,latitude 45.530087;longitude -73.593674;radius 0.2,latitude 45.523793;longitude -73.586381;radius 0.1,latitude 45.599815;longitude -73.65253;radius 0.2,latitude 45.522794;longitude -73.61987;radius 0.1,latitude 45.483396;longitude -73.869284;radius 0.2,latitude 45.650611;longitude -73.498141;radius 0.3,latitude 49.186491;longitude -68.2625;radius 0.3,latitude 45.763453;longitude -73.433744;radius 0.3,latitude 46.01533;longitude -73.148862;radius 0.2,latitude 48.43258;longitude -68.523943;radius 0.2,latitude 48.44817819725088;longitude -68.52775903478683;radius 0.2,latitude 47.827058;longitude -69.538705;radius 0.2,latitude 47.82908497801168;longitude -69.53710054456056;radius 0.1,latitude 48.64978243990569;longitude -72.45858296440719;radius 0.2,latitude 45.560529;longitude -73.577247;radius 0.1,latitude 45.559474;longitude -73.583278;radius 0.1,latitude 45.55704866277168;longitude -73.58188653756353;radius 0.2,latitude 48.22889238383965;longitude -79.0071441923601;radius 0.1,latitude 45.422695;longitude -71.877789;radius 0.3,latitude 45.410284509731866;longitude -71.88633495394937;radius 0.3,latitude 45.49434907846978;longitude -73.5626867937252;radius 0.3,latitude 45.477887;longitude -73.587373;radius 0.2,latitude 45.643859;longitude -72.953593;radius 0.2,latitude 45.617841341058295;longitude -72.9706923748566;radius 0.7,latitude 45.2974900777329;longitude -73.26896982360213;radius 0.3,latitude 45.302199;longitude -73.25696;radius 0.1,latitude 45.33306;longitude -73.276769;radius 0.2,latitude 45.779602;longitude -73.999315;radius 0.2,latitude 45.77038;longitude -74.03122;radius 0.2,latitude 45.496898;longitude -73.703015;radius 0.1,latitude 45.506471;longitude -73.703333;radius 0.2,latitude 45.506029;longitude -73.554723;radius 0.1,latitude 45.517761;longitude -73.568756;radius 0.1,latitude 45.514427;longitude -73.566167;radius 0.1,latitude 45.529709;longitude -73.557247;radius 0.2,latitude 45.587835;longitude -73.738079;radius 0.1,latitude 45.60417795272721;longitude -73.78349951422567;radius 0.3,latitude 45.400015;longitude -71.898096;radius 0.1,latitude 45.535175;longitude -73.464779;radius 0.3,latitude 45.535943;longitude -73.493944;radius 0.3,latitude 46.796375;longitude -71.233402;radius 0.1,latitude 46.811492;longitude -71.217016;radius 0.1,latitude 46.813874;longitude -71.222665;radius 0.1,latitude 46.805341;longitude -71.252259;radius 0.1,latitude 46.814032;longitude -71.206478;radius 0.1,latitude 46.816956;longitude -71.236186;radius 0.2,latitude 46.79328292148;longitude -71.26383766125663;radius 0.3,latitude 45.720901;longitude -73.705654;radius 0.3,latitude 45.723112;longitude -73.704609;radius 0.1,latitude 46.359278;longitude -72.567919;radius 0.1,latitude 45.522531495768874;longitude -73.42039099635215;radius 0.1,latitude 46.821008;longitude -71.248678;radius 0.1,latitude 46.818821;longitude -71.251406;radius 0.1,latitude 45.393752;longitude -74.028078;radius 0.3,latitude 45.576265;longitude -73.305768;radius 0.1,latitude 45.48091;longitude -73.611945;radius 0.2,latitude 45.489341;longitude -73.58711;radius 0.2,latitude 45.495312416143776;longitude -73.5784162578168;radius 0.2,latitude 45.496874;longitude -73.578113;radius 0.2,latitude 45.50728;longitude -73.568271;radius 0.1,latitude 45.509540569478276;longitude -73.56940329153406;radius 0.1,latitude 45.50971594705797;longitude -73.5817794581163;radius 0.3",,,,,,,,,,Provided by Advertiser,fr,,,,
45d6bf868abc9fa83d75e45e31855a2bf437911f87659042e99c1943e6599b7b,https://www.snap.com/political-ads/asset/184d5321d4b26bfaf383add24d18fe6e20ae634053ac08b3ec2d6ecc7a6a48fe?mediaType=mp4,SEK,504,1172,2022/08/22 07:00:59Z,2022/09/11 21:59:59Z,Reform Society,"Kungsgatan 18,Stockholm,111 35,SE",Hands off,RFSU,,,,,,18+,sweden,,,,,,,,,,,,,,,,,,,,web_view_url:https://handsoff.rfsu.se/?utm_source=Snapchat&utm_medium=cpm&utm_campaign=Valkampanj2022&utm_id=60375
5af787b0441d0ab4d1706a25b4a1f3bf5240a72627d69075c50c094a9355b8ba,https://www.snap.com/political-ads/asset/d38ab79ded0e4c4b1bc731d34fb598c3d94e1bdf4f3606f7fe12c86dc2b702f6?mediaType=png,USD,3,2930,2022/09/21 19:21:12Z,,Askar alenezi,KW,,عسكر العنزي,,,,,,19+,kuwait,,,,,latitude 29.324836857538017;longitude 47.71834068803412;radius 6.47,,,,,,,,,,Provided by Advertiser,"ar,en",,,,
86c70bc20d18e723b99a9da8963835cd397c9ae7a8ca24470c011759e5921751,https://www.snap.com/political-ads/asset/fa3b4385aab39854399319f12e3ebae66500da06ceb2fb6b0d10fd87a2d6b187?mediaType=mp4,SEK,925,2631,2022/08/22 07:00:59Z,2022/09/11 21:59:59Z,Reform Society,"Kungsgatan 18,Stockholm,111 35,SE",Hands off,RFSU,,,,,,18-35,sweden,,,,,,,,,,,,,"Political News Watchers,Parents & Family-Focused,Philanthropists,Wellness & Healthy Lifestyle",,,,,,,web_view_url:https://handsoff.rfsu.se/?utm_source=Snapchat&utm_medium=cpm&utm_campaign=Valkampanj2022&utm_id=60375
d3eeda0fc001f0da3538fceceed66ef87bb0b171ae3517e91020f0e96df51540,https://www.snap.com/political-ads/asset/1402a7fcc86af9dc48e40321f0eac4c9f6ef0a516d3f7b7970aa774751f405a9?mediaType=png,USD,20,6021,2022/09/29 10:37:41Z,2022/09/29 17:00:00Z,tasaaheel,"21 H 2ND ST,SHMADI,12313,KW",,Khaleel Alsaleh,,,,,,,kuwait,,,,,"latitude 29.36;longitude 47.99;radius 8.0,latitude 29.35;longitude 48.0;radius 7.42,latitude 29.351563;longitude 47.991041;radius 8.0,latitude 29.34;longitude 47.99;radius 7.87,latitude 29.35;longitude 47.96;radius 5.98,latitude 29.31667;longitude 47.83333;radius 0.1,latitude 29.33977;longitude 47.767449;radius 3.41,latitude 29.315607;longitude 47.817512;radius 3.04,latitude 29.3;longitude 47.8;radius 1.2,latitude 29.31;longitude 47.88;radius 1.57,latitude 29.3;longitude 47.86;radius 1.2,latitude 29.32;longitude 47.82;radius 3.41,latitude 29.37;longitude 47.97;radius 1.2",,,,,,,,,,Provided by Advertiser,ar,,,,
fe016cd47b3eb64e672317ef510f4d66f578d4180fb7778e7cba4dad12ce4ff9,https://www.snap.com/political-ads/asset/ca05ce0e3cb36de893af100de5a2c74b5e8599798b56bf21580b497c8c487b3b?mediaType=mp4,SEK,3573,5051,2022/08/01 05:00:44Z,2022/08/07 21:59:00Z,Reform Society,"Kungsgatan 18,Stockholm,111 35,SE",Hands off,RFSU,,,,,,18+,sweden,Stockholms Lan,,,,,,,,,,,,"Political News Watchers,Parents & Family-Focused,Philanthropists,Wellness & Healthy Lifestyle",,Provided by Advertiser,,,,,web_view_url:https://handsoff.rfsu.se/
4f9fc590d9648ab98d01597d69c601cbb3cd509a475c52d0bf1aecd2871e4447,https://www.snap.com/political-ads/asset/f8b9f2f8f908b023ee0080dee93840fb25da44bdd689fb16ff18d6898f5d2bff?mediaType=mp4,SEK,484,980,2022/08/22 07:00:59Z,2022/09/11 21:59:59Z,Reform Society,"Kungsgatan 18,Stockholm,111 35,SE",Hands off,RFSU,,,,,,18+,sweden,,,,,,,,,,,,,,,,,,,,web_view_url:https://handsoff.rfsu.se/?utm_source=Snapchat&utm_medium=cpm&utm_campaign=Valkampanj2022&utm_id=60375
84a711b01ec1067b6d99aef13dd0106d184eb98590c9d02461aa5429c2d76495,https://www.snap.com/political-ads/asset/4a9bbde2494d4160f1247c5f6ba04d4999c009659ee65269035894edbbeef10e?mediaType=png,USD,200,6526,2022/11/02 17:00:13Z,2022/11/09 05:59:00Z,Veracity Media,US,Harry Bronson,Friends of Harry Bronson,,,,,,18+,united states,,,,,,,,,"14606,14621,14609,14607,14610,14620,14624,14514,14428,14546,14586,14623,14534,14467,14543",,,,,,Provided by Advertiser,en,,,,
08666cb4db6f926a44be1a0406e331d9cc4af66f664c2248c950e26ba516680b,https://www.snap.com/political-ads/asset/703488a338d5de6fa1e15157de79bca1885a60b1a5225acbdf9f149044669c8a?mediaType=mp4,SEK,445,770,2022/08/22 07:00:59Z,2022/09/11 21:59:59Z,Reform Society,"Kungsgatan 18,Stockholm,111 35,SE",Hands off,RFSU,,,,,,18+,sweden,,,,,,,,,,,,,,,,,,,,web_view_url:https://handsoff.rfsu.se/?utm_source=Snapchat&utm_medium=cpm&utm_campaign=Valkampanj2022&utm_id=60375
3bd3ad7d82ba4542b03e2c7b557b30b63b7726b986f2d6aa735b86d2e418ab5c,https://www.snap.com/political-ads/asset/6709fddc31bc51dcb5f00df395f12727e69001c8ad2357338c8c3e8c5160d29a?mediaType=mp4,USD,12000,31722,2022/01/14 18:14:01Z,2022/04/01 04:59:59Z,Ogilvy & Mather Chicago,"333 N Green St, Floor 15,Chicago,60607,US",,City of Chicago,,,,,,30-,united states,,,,,,,,,"60659,60630,60608,60634,60623,60652,60609,60643,60655,60656,60638,60612,60651,60636,60637,60653,60617,60619,60624,60628,60620,60644,60649,60621,60633,60626,60632,60629,60616,60615,60639,60641,60660,60631,60618,60614,60645,60646,60647,60625,60610,60622,60640",,,,,,Provided by Advertiser,,,,,web_view_url:http://chicago.gov/face-forward-project?utm_medium=PaidSocial&utm_campaign=CDPH_Youth_Chicago&utm_source=Snapchat&utm_term=Chicago&utm_content=Youth_ARLens
681da358a6d82dde8c30a5910a53982ac72531bc589523434435760904df717b,https://www.snap.com/political-ads/asset/67f424dd7e6f85da7e412af586f73188a406b67058d3ba49d1b22df42c49466b?mediaType=png,USD,3338,56199,2022/10/17 21:15:22Z,2022/11/09 04:59:00Z,"Odonnell Company ","59 Elm Street,New Haven,06511,US",,CT Secretary of the State,,,,,,18-30,united states,Connecticut,,,,,,,,,,,,,,,,,,,
d507be23ae13b32ff26b6e2f3fd811a3377b18ccd023772f6e2c65c5e8ee9ef7,https://www.snap.com/political-ads/asset/4681f37c41633ec6e421a92758a3e0b4facab27ebe68524fc6764e975ffcddd1?mediaType=png,USD,39,2841,2022/11/08 07:00:21Z,2022/11/09 00:00:00Z,Veracity Media,US,Voter Action Project,Voter Action Project,,,,,FEMALE,18-39,united states,Nevada,,,,,,,,,,,,,,Provided by Advertiser,en,,,,
1f9cbf8bb8fe7526aac87b7d712d269f6772790a0eaeea48beabdc063ff2f862,https://www.snap.com/political-ads/asset/d49de5e1f00eb372601f866a15f1a8844fdd79cbd2807afe3fcd1ae07ab68c93?mediaType=png,USD,596,3,2022/09/11 05:50:01Z,,العضو محمد مفرج المطيري,"شرحبيل,حولي,60000,KW","MOHAMMED MEFREJ ALMUTAIRI ",العضو محمد مفرج المطيري,,,,,,18+,kuwait,"Al Jahrah,Al Farwaniyah,Al Kuwayt",,,,,,,,,,,,,,Provided by Advertiser,,,,,
88be8b8779c4d4ef370768c07b079b56abe1079d84b1bebe4fd9b3bb591ededf,https://www.snap.com/political-ads/asset/19f3df4663f9150834b9fbe35d58dfb729fae098287171920227104bb056abb8?mediaType=mp4,USD,78,13,2022/11/01 17:38:35Z,2022/11/08 23:59:00Z,BerlinRosen,"15 Maiden Lane #16,New York,10038,US",,United We Dream Action,,,,,,18-35,united states,Nevada,,,,,,,,,,,,"Advocates & Activists,Mexican Food Shoppers,nln_7169,Latin Music Fans",,Provided by Advertiser,es,"Household Income: Under $50000,Household Income: $50000 - $99999",,,
5022220c60e7d9be5cdf3e69a19cf3947a5349dff6d6480b8c4fb6ff54714961,https://www.snap.com/political-ads/asset/eb5d1f0d77aa8d6f82473a9ad5eb48170b5c7579fcc86bbb8d91b5a509a786c8?mediaType=mp4,SEK,555,766,2022/08/22 07:00:59Z,2022/09/11 21:59:59Z,Reform Society,"Kungsgatan 18,Stockholm,111 35,SE",Hands off,RFSU,,,,,,18-35,sweden,,,,,,,,,,,,,"Political News Watchers,Parents & Family-Focused,Philanthropists,Wellness & Healthy Lifestyle",,,,,,,web_view_url:https://handsoff.rfsu.se/?utm_source=Snapchat&utm_medium=cpm&utm_campaign=Valkampanj2022&utm_id=60375
a71f119f2b835e21dcfbec6d265d42daf38db9fec35b709808c0162757e0db7d,https://www.snap.com/political-ads/asset/8db191f94b5780602aa8342b7e07de863514309a6f21c4fe8c3440741a824637?mediaType=png,USD,0,6,2022/02/15 15:36:07Z,2022/02/17 06:59:59Z,Sullivan Jones Senate Campaign,US,,Sullivan Jones Senate Campaign,,,,,,,united states,,,,,latitude 42.82265374498775;longitude -102.99943401405628;radius 1.58,,,,,,,,,,Provided by Advertiser,,,,,
b16a354c459f4e8d5440f3e4b8a5b99658cad37bbf07c792f269a190cb54ac90,https://www.snap.com/political-ads/asset/19f3df4663f9150834b9fbe35d58dfb729fae098287171920227104bb056abb8?mediaType=mp4,USD,66,75,2022/11/01 17:38:35Z,2022/11/08 23:59:00Z,BerlinRosen,"15 Maiden Lane #16,New York,10038,US",,United We Dream Action,,,,,,18-35,united states,Florida,,,,,,,,,,,,"Advocates & Activists,Mexican Food Shoppers,nln_7169,Latin Music Fans",,Provided by Advertiser,es,"Household Income: Under $50000,Household Income: $50000 - $99999",,,
2c7cfe26786aa09573ab8b2f67e60c44363a82beed56375df4130f4d66b55dd2,https://www.snap.com/political-ads/asset/c7592787a64baa00d418b2aafda5caa3781fd1347c2b8a2451feb8218cd262dc?mediaType=mp4,USD,872,11248,2022/09/12 16:31:54Z,2022/11/08 23:00:00Z,Wavelength Strategy,US,,Mark Kelly for Senate,,,,,,18+,united states,,,,,latitude 33.416893;longitude -111.932727;radius 4.0,,,,,,,,,,Provided by Advertiser,,,,,web_view_url:https://markkelly.com/?utm_source=snap&utm_medium=paid
6b937f57142a5764dde904eb0d810e9980726fb827df45d25e5665caae6ce043,https://www.snap.com/political-ads/asset/fa3b4385aab39854399319f12e3ebae66500da06ceb2fb6b0d10fd87a2d6b187?mediaType=mp4,SEK,900,987,2022/08/01 05:00:44Z,2022/08/07 21:59:00Z,Reform Society,"Kungsgatan 18,Stockholm,111 35,SE",Hands off,RFSU,,,,,,18+,sweden,Stockholms Lan,,,,,,,,,,,,,,Provided by Advertiser,,,,,web_view_url:https://handsoff.rfsu.se/
fb7d1e143c99f5d6c141f67e64763cb3dd1492ad43dbb55bdcd511a35a6f59b5,https://www.snap.com/political-ads/asset/eb5d1f0d77aa8d6f82473a9ad5eb48170b5c7579fcc86bbb8d91b5a509a786c8?mediaType=mp4,SEK,615,1179,2022/08/01 05:00:44Z,2022/08/07 21:59:00Z,Reform Society,"Kungsgatan 18,Stockholm,111 35,SE",Hands off,RFSU,,,,,,18+,sweden,Stockholms Lan,,,,,,,,,,,,,,Provided by Advertiser,,,,,web_view_url:https://handsoff.rfsu.se/
5b1479eb9bbb19c1b9008b2c298a8d3a81991938cdc738845101eb0ad2006f10,https://www.snap.com/political-ads/asset/aef75e183e4b1c4a720534217fb31cba450b2c1616538c5711d4fc1ac365ae72?mediaType=png,USD,81,1347,2022/10/30 20:45:07Z,2022/11/09 05:59:00Z,Veracity Media,US,Karen McMahon,Friends of Karen McMahon,,,,,,18+,united states,,,,,,,,,"14120,14094,14228,14068,14051,14221,14226",,,,,,Provided by Advertiser,en,,,,
f42a0545c9e0e70daaccf0d98998230c500d547f1418f1d9db07a8e018c0ded7,https://www.snap.com/political-ads/asset/ff430b0b778618aaab53681cb47f464400aa714c6874b7e7b1abbe904adfba53?mediaType=mp4,USD,3912,12049,2022/10/28 16:00:35Z,2022/11/08 22:00:00Z,AL Media,"222 W Ontario, Suite 600,,Chicago,60654,US",Warnock For Georgia,Warnock for Georgia,,,,,,18+,united states,Georgia,,,,,,,,,,,,"targetsmart_18,targetsmart_23",,Provided by Advertiser,,,,,web_view_url:https://iwillvote.com/?utm_source=sencamp&utm_campaign=wfg_snap_2022ge&state=ga&partner=sencamp&partner_campaign=wfg_snap_2022ge&partner_medium=ads&utm_medium=ads
4fcdaa1f1427c619e8c16663f19042200afd55b2c46f29646cc17a85d8bbaedf,https://www.snap.com/political-ads/asset/57432a5e9274533eeeecc4bf1bc856fa4e8208ee3cc16d6f2e9cc9580348aed9?mediaType=mp4,SEK,750,1286,2022/08/22 07:00:59Z,2022/09/11 21:59:59Z,Reform Society,"Kungsgatan 18,Stockholm,111 35,SE",Hands off,RFSU,,,,,,18+,sweden,,,,,,,,,,,,,,,,,,,,web_view_url:https://handsoff.rfsu.se/?utm_source=Snapchat&utm_medium=cpm&utm_campaign=Valkampanj2022&utm_id=60375
5f32dde6d61255536760ee780e3c5bc4d23de762fbc34d17981340ceb79b6b8d,https://www.snap.com/political-ads/asset/703488a338d5de6fa1e15157de79bca1885a60b1a5225acbdf9f149044669c8a?mediaType=mp4,SEK,657,738,2022/08/01 05:00:44Z,2022/08/07 21:59:00Z,Reform Society,"Kungsgatan 18,Stockholm,111 35,SE",Hands off,RFSU,,,,,,18+,sweden,Stockholms Lan,,,,,,,,,,,,"Political News Watchers,Parents & Family-Focused,Philanthropists,Wellness & Healthy Lifestyle",,Provided by Advertiser,,,,,web_view_url:https://handsoff.rfsu.se/
04f95971a422a3be7cbd0d1ceb807940d64cc82ddcf49d5727b9c4483836038b,https://www.snap.com/political-ads/asset/f8b9f2f8f908b023ee0080dee93840fb25da44bdd689fb16ff18d6898f5d2bff?mediaType=mp4,SEK,1630,1732,2022/08/01 05:00:44Z,2022/08/07 21:59:00Z,Reform Society,"Kungsgatan 18,Stockholm,111 35,SE",Hands off,RFSU,,,,,,18+,sweden,Stockholms Lan,,,,,,,,,,,,,,Provided by Advertiser,,,,,web_view_url:https://handsoff.rfsu.se/
8aeabc1010fed84c360632187318cd93641b13966bc9bc66a025294a280f5235,https://www.snap.com/political-ads/asset/8b6b06321b0c7500913201cd6532fa4368b33fd178e8351e6fad1c7a2d8809d9?mediaType=mp4,USD,2883,5828,2022/10/28 16:00:35Z,2022/11/08 22:00:00Z,AL Media,"222 W Ontario, Suite 600,,Chicago,60654,US",Warnock For Georgia,Warnock for Georgia,,,,,,18+,united states,Georgia,,,,,,,,,,,,"targetsmart_18,targetsmart_23",,Provided by Advertiser,,,,,web_view_url:https://iwillvote.com/?utm_source=sencamp&utm_campaign=wfg_snap_2022ge&state=ga&partner=sencamp&partner_campaign=wfg_snap_2022ge&partner_medium=ads&utm_medium=ads
6f9afe11aa3959db0fb0798c63e1d5dc26e4192c66520c173953cc4b4579c301,https://www.snap.com/political-ads/asset/703488a338d5de6fa1e15157de79bca1885a60b1a5225acbdf9f149044669c8a?mediaType=mp4,SEK,668,1853,2022/08/22 07:00:59Z,2022/09/11 21:59:59Z,Reform Society,"Kungsgatan 18,Stockholm,111 35,SE",Hands off,RFSU,,,,,,18-35,sweden,,,,,,,,,,,,,"Political News Watchers,Parents & Family-Focused,Philanthropists,Wellness & Healthy Lifestyle",,,,,,,web_view_url:https://handsoff.rfsu.se/?utm_source=Snapchat&utm_medium=cpm&utm_campaign=Valkampanj2022&utm_id=60375
578c0c682a96828d54c598d8f656ab3fc0ec090027a46637c7d0790499db36aa,https://www.snap.com/political-ads/asset/57432a5e9274533eeeecc4bf1bc856fa4e8208ee3cc16d6f2e9cc9580348aed9?mediaType=mp4,SEK,2089,9158,2022/08/22 07:00:59Z,2022/09/11 21:59:59Z,Reform Society,"Kungsgatan 18,Stockholm,111 35,SE",Hands off,RFSU,,,,,,18-35,sweden,,,,,,,,,,,,,"Political News Watchers,Parents & Family-Focused,Philanthropists,Wellness & Healthy Lifestyle",,,,,,,web_view_url:https://handsoff.rfsu.se/?utm_source=Snapchat&utm_medium=cpm&utm_campaign=Valkampanj2022&utm_id=60375
c0cdc3e0d9b4e81fc6ed46349a50501b6559a4871746df6e1b7829287f14a6c3,https://www.snap.com/political-ads/asset/f8b9f2f8f908b023ee0080dee93840fb25da44bdd689fb16ff18d6898f5d2bff?mediaType=mp4,SEK,6550,6131,2022/08/01 05:00:44Z,2022/08/07 21:59:00Z,Reform Society,"Kungsgatan 18,Stockholm,111 35,SE",Hands off,RFSU,,,,,,18+,sweden,Stockholms Lan,,,,,,,,,,,,"Political News Watchers,Parents & Family-Focused,Philanthropists,Wellness & Healthy Lifestyle",,Provided by Advertiser,,,,,web_view_url:https://handsoff.rfsu.se/
9c24eec1a3d9347fc78eecdde9d702b49c26277b864f53bb4cfbb1f94b40864a,https://www.snap.com/political-ads/asset/184d5321d4b26bfaf383add24d18fe6e20ae634053ac08b3ec2d6ecc7a6a48fe?mediaType=mp4,SEK,650,2652,2022/08/22 07:00:59Z,2022/09/11 21:59:59Z,Reform Society,"Kungsgatan 18,Stockholm,111 35,SE",Hands off,RFSU,,,,,,18-35,sweden,,,,,,,,,,,,,"Political News Watchers,Parents & Family-Focused,Philanthropists,Wellness & Healthy Lifestyle",,,,,,,web_view_url:https://handsoff.rfsu.se/?utm_source=Snapchat&utm_medium=cpm&utm_campaign=Valkampanj2022&utm_id=60375
e4003e2caa2a33357b41301f06e0651b0ffb44f2bf0f8bddef6a6e88305624da,https://www.snap.com/political-ads/asset/e079a3f93e1075a8265f419e6056458b4e3e59feadfd9cf7d6c8fcdf04e171b8?mediaType=mp4,SEK,581,1693,2022/08/22 07:00:59Z,2022/09/11 21:59:59Z,Reform Society,"Kungsgatan 18,Stockholm,111 35,SE",Hands off,RFSU,,,,,,18-35,sweden,,,,,,,,,,,,,"Political News Watchers,Parents & Family-Focused,Philanthropists,Wellness & Healthy Lifestyle",,,,,,,web_view_url:https://handsoff.rfsu.se/?utm_source=Snapchat&utm_medium=cpm&utm_campaign=Valkampanj2022&utm_id=60375
f9f3f38c25c227367f8d5949d7da62ad5ea94fb63f4e64eaa22d27a7c395b43a,https://www.snap.com/political-ads/asset/703488a338d5de6fa1e15157de79bca1885a60b1a5225acbdf9f149044669c8a?mediaType=mp4,SEK,482,499,2022/08/01 05:00:44Z,2022/08/07 21:59:00Z,Reform Society,"Kungsgatan 18,Stockholm,111 35,SE",Hands off,RFSU,,,,,,18+,sweden,Stockholms Lan,,,,,,,,,,,,,,Provided by Advertiser,,,,,web_view_url:https://handsoff.rfsu.se/
1b76194e88d8fe62f9f2896aef8dbe1ae9e6cf1ac3a0e3a264cc610de940b935,https://www.snap.com/political-ads/asset/165077cdf89d4f2b71fb4299fd3837881047d405c0ce123f196c5fce0d3fc4c3?mediaType=png,USD,373,5193,2022/11/02 18:06:22Z,2022/11/09 05:59:00Z,Veracity Media,US,Patrick Burke,Friends of Patrick Burke,,,,,,18+,united states,,,,,,,,,"14075,14127,14170,14203,14204,14206,14210,14218,14219,14220,14224",,,,,,Provided by Advertiser,,,,,
6d4e52a8a32b6d4b913fefd1b744e9e9e71f6e625e85f5e5a79749f714ba0357,https://www.snap.com/political-ads/asset/53bf16d32c0f238f2615a493ba9539f4b451c440066051a3badcb7bb99793592?mediaType=png,CAD,7,133,2022/09/27 15:36:51Z,2022/09/29 22:00:00Z,Cossette Media Inc,"P.O. Box. 11613, Succ. Centre-ville,Montreal,H3C5V9,CA",BVEE,Élection Québec,,,,,,18+,canada,,,,,"latitude 46.78094190346454;longitude -71.27570860053393;radius 1.2,latitude 45.503234500000005;longitude -73.6161915;radius 0.83,latitude 48.41898540569562;longitude -71.05210164335934;radius 0.46,latitude 45.905751;longitude -72.466871;radius 0.5,latitude 45.558723;longitude -73.720895;radius 0.5,latitude 45.525335;longitude -73.522688;radius 0.5,latitude 48.452869;longitude -68.512667;radius 0.5,latitude 45.364365;longitude -71.845291;radius 1.0,latitude 45.774787111284695;longitude -74.00303108090974;radius 0.2,latitude 45.378801;longitude -71.9276185;radius 1.0,latitude 46.350188;longitude -72.575704;radius 1.0,latitude 45.50463675;longitude -73.5763445;radius 0.5,latitude 46.813439;longitude -71.22535;radius 0.1,latitude 48.093045;longitude -77.787959;radius 0.5,latitude 48.099359510148275;longitude -77.78560610535139;radius 0.2,latitude 45.53718572536292;longitude -73.67529078863983;radius 0.4,latitude 45.512027;longitude -73.6721235;radius 0.5,latitude 45.516475949902286;longitude -73.676269631937;radius 0.3,latitude 45.60205;longitude -73.541673;radius 0.3,latitude 45.639045;longitude -74.350732;radius 0.5,latitude 46.061593;longitude -71.943022;radius 0.7,latitude 46.1310090465565;longitude -70.66125097057024;radius 0.7,latitude 45.25231407066326;longitude -74.13281945417003;radius 0.3,latitude 45.207984145453025;longitude -72.77192851973453;radius 0.7,latitude 46.379239;longitude -72.523315;radius 0.5,latitude 45.48241005090486;longitude -75.68398698154286;radius 0.3,latitude 46.863819;longitude -71.25589;radius 0.3,latitude 46.86134;longitude -71.261717;radius 0.4,latitude 45.344527;longitude -73.76787;radius 0.3,latitude 45.361971;longitude -73.732479;radius 0.1,latitude 46.836284;longitude -71.344867;radius 0.1,latitude 48.42315;longitude -71.052158;radius 0.3,latitude 48.420308;longitude -71.061953;radius 0.1,latitude 47.36756290255897;longitude -70.04052391059727;radius 0.1,latitude 45.488967;longitude -73.641429;radius 0.1,latitude 45.882114;longitude -72.49141;radius 0.1,latitude 50.227074;longitude -66.354666;radius 0.5,latitude 50.222464;longitude -66.363319;radius 0.1,latitude 48.834178;longitude -64.484948;radius 0.4,latitude 45.3992235597224;longitude -72.72999868671795;radius 0.2,latitude 45.380672;longitude -72.745186;radius 0.2,latitude 45.642461;longitude -73.842063;radius 0.5,latitude 45.550841;longitude -73.5543;radius 0.3,latitude 45.447611;longitude -75.736732;radius 0.1,latitude 45.4517;longitude -75.764789;radius 0.6,latitude 45.422472;longitude -75.738186;radius 0.4,latitude 45.428426;longitude -75.738307;radius 0.3,latitude 45.459292;longitude -75.769802;radius 0.4,latitude 45.40383;longitude -73.94322;radius 0.5,latitude 46.829931;longitude -71.227765;radius 0.3,latitude 46.786704;longitude -71.286959;radius 0.4,latitude 45.877622;longitude -72.501914;radius 0.2,latitude 45.87392496626654;longitude -72.50275733025128;radius 0.5,latitude 46.032397;longitude -73.421298;radius 0.5,latitude 46.02699;longitude -73.435402;radius 0.3,latitude 46.035837;longitude -73.457556;radius 0.5,latitude 48.41763;longitude -71.223274;radius 0.3,latitude 48.405822;longitude -71.247736;radius 0.3,latitude 46.558811;longitude -75.505422;radius 0.1,latitude 46.560616;longitude -75.507747;radius 0.1,latitude 48.545072;longitude -71.654551;radius 0.4,latitude 45.615831;longitude -73.609348;radius 0.7,latitude 45.493857;longitude -73.5087;radius 0.2,latitude 45.516351;longitude -73.52039;radius 0.2,latitude 45.40369;longitude -73.50457;radius 0.1,latitude 45.828739;longitude -73.420872;radius 0.3,latitude 45.530588;longitude -73.621045;radius 0.1,latitude 45.57175382011434;longitude -73.70268734630666;radius 0.2,latitude 46.574297;longitude -72.734012;radius 0.3,latitude 46.564126;longitude -72.7528;radius 0.3,latitude 45.711242;longitude -73.941883;radius 0.4,latitude 46.81799272408378;longitude -71.15064320430564;radius 0.4,latitude 46.80343488859958;longitude -71.17297825692857;radius 0.1,latitude 46.734431123665104;longitude -71.2669357230891;radius 0.1,latitude 46.79285299433772;longitude -71.16162515353274;radius 0.1,latitude 46.098457;longitude -71.324492;radius 0.3,latitude 46.736868;longitude -71.399553;radius 0.2,latitude 45.422806;longitude -73.61201;radius 0.1,latitude 45.436573;longitude -73.605819;radius 0.5,latitude 45.442041;longitude -73.711948;radius 0.2,latitude 48.840704;longitude -67.497451;radius 0.2,latitude 45.550873;longitude -73.632807;radius 0.2,latitude 45.5517595;longitude -73.6423275;radius 0.3,latitude 45.540622;longitude -73.578495;radius 0.2,latitude 45.530087;longitude -73.593674;radius 0.2,latitude 45.523793;longitude -73.586381;radius 0.1,latitude 45.599815;longitude -73.65253;radius 0.2,latitude 45.522794;longitude -73.61987;radius 0.1,latitude 45.483396;longitude -73.869284;radius 0.2,latitude 45.650611;longitude -73.498141;radius 0.3,latitude 49.186491;longitude -68.2625;radius 0.3,latitude 45.763453;longitude -73.433744;radius 0.3,latitude 46.01533;longitude -73.148862;radius 0.2,latitude 48.43258;longitude -68.523943;radius 0.2,latitude 48.44817819725088;longitude -68.52775903478683;radius 0.2,latitude 47.827058;longitude -69.538705;radius 0.2,latitude 47.82908497801168;longitude -69.53710054456056;radius 0.1,latitude 48.64978243990569;longitude -72.45858296440719;radius 0.2,latitude 45.560529;longitude -73.577247;radius 0.1,latitude 45.559474;longitude -73.583278;radius 0.1,latitude 45.55704866277168;longitude -73.58188653756353;radius 0.2,latitude 48.22889238383965;longitude -79.0071441923601;radius 0.1,latitude 45.422695;longitude -71.877789;radius 0.3,latitude 45.410284509731866;longitude -71.88633495394937;radius 0.3,latitude 45.49434907846978;longitude -73.5626867937252;radius 0.3,latitude 45.477887;longitude -73.587373;radius 0.2,latitude 45.643859;longitude -72.953593;radius 0.2,latitude 45.617841341058295;longitude -72.9706923748566;radius 0.7,latitude 45.2974900777329;longitude -73.26896982360213;radius 0.3,latitude 45.302199;longitude -73.25696;radius 0.1,latitude 45.33306;longitude -73.276769;radius 0.2,latitude 45.779602;longitude -73.999315;radius 0.2,latitude 45.77038;longitude -74.03122;radius 0.2,latitude 45.496898;longitude -73.703015;radius 0.1,latitude 45.506471;longitude -73.703333;radius 0.2,latitude 45.506029;longitude -73.554723;radius 0.1,latitude 45.517761;longitude -73.568756;radius 0.1,latitude 45.514427;longitude -73.566167;radius 0.1,latitude 45.529709;longitude -73.557247;radius 0.2,latitude 45.587835;longitude -73.738079;radius 0.1,latitude 45.60417795272721;longitude -73.78349951422567;radius 0.3,latitude 45.400015;longitude -71.898096;radius 0.1,latitude 45.535175;longitude -73.464779;radius 0.3,latitude 45.535943;longitude -73.493944;radius 0.3,latitude 46.796375;longitude -71.233402;radius 0.1,latitude 46.811492;longitude -71.217016;radius 0.1,latitude 46.813874;longitude -71.222665;radius 0.1,latitude 46.805341;longitude -71.252259;radius 0.1,latitude 46.814032;longitude -71.206478;radius 0.1,latitude 46.816956;longitude -71.236186;radius 0.2,latitude 46.79328292148;longitude -71.26383766125663;radius 0.3,latitude 45.720901;longitude -73.705654;radius 0.3,latitude 45.723112;longitude -73.704609;radius 0.1,latitude 46.359278;longitude -72.567919;radius 0.1,latitude 45.522531495768874;longitude -73.42039099635215;radius 0.1,latitude 46.821008;longitude -71.248678;radius 0.1,latitude 46.818821;longitude -71.251406;radius 0.1,latitude 45.393752;longitude -74.028078;radius 0.3,latitude 45.576265;longitude -73.305768;radius 0.1,latitude 45.48091;longitude -73.611945;radius 0.2,latitude 45.489341;longitude -73.58711;radius 0.2,latitude 45.495312416143776;longitude -73.5784162578168;radius 0.2,latitude 45.496874;longitude -73.578113;radius 0.2,latitude 45.50728;longitude -73.568271;radius 0.1,latitude 45.509540569478276;longitude -73.56940329153406;radius 0.1,latitude 45.50971594705797;longitude -73.5817794581163;radius 0.3",,,,,,,,,,Provided by Advertiser,fr,,,,
839a3a1769342728d0c52a60cb15698675abc08e0ed898fe473677beff5a5dd1,https://www.snap.com/political-ads/asset/b2958141734143fe9068bfcc188b7d9c64c30cd65b301c75e6f5f3068fdf00f4?mediaType=mp4,USD,305,1492,2022/11/01 17:38:35Z,2022/11/08 23:59:00Z,BerlinRosen,"15 Maiden Lane #16,New York,10038,US",,United We Dream Action,,,,,,18-35,united states,Texas,,,,,,,,,,,,"Advocates & Activists,Mexican Food Shoppers,nln_7169,Latin Music Fans",,Provided by Advertiser,es,"Household Income: Under $50000,Household Income: $50000 - $99999",,,
774ae107904171a323211ad14922e679c7b86dbeb9e14f92c42416d7c07752af,https://www.snap.com/political-ads/asset/59b4b44dfc67baef4c66e8fe1f381cd0847d7d2b7030b601bf81aa638719fc9f?mediaType=png,USD,146,3932,2022/11/02 17:31:19Z,2022/11/09 05:59:00Z,Veracity Media,US,Al Stirpe,Citizens for Al Stirpe,,,,,,18+,united states,,,,,,,,,"13027,13041,13029,13090,13039,13212,13088,13057,13082,13066,13104,13078,13063,13158,13084,13159",,,,,,Provided by Advertiser,,,,,
7bbf2dd2027a612135d4d9ac9b2eac2232b8777a883e81ff2d8bc3d7af56053c,https://www.snap.com/political-ads/asset/2abe96df3dce8d63bce182f68f8736a9abdccd9c31a63d219d2c84e0f8451175?mediaType=png,CAD,7,475,2022/09/27 15:36:51Z,2022/09/29 22:00:00Z,Cossette Media Inc,"P.O. Box. 11613, Succ. Centre-ville,Montreal,H3C5V9,CA",BVEE,Élection Québec,,,,,,18+,canada,,,,,"latitude 46.78094190346454;longitude -71.27570860053393;radius 1.2,latitude 45.503234500000005;longitude -73.6161915;radius 0.83,latitude 48.41898540569562;longitude -71.05210164335934;radius 0.46,latitude 45.905751;longitude -72.466871;radius 0.5,latitude 45.558723;longitude -73.720895;radius 0.5,latitude 45.525335;longitude -73.522688;radius 0.5,latitude 48.452869;longitude -68.512667;radius 0.5,latitude 45.364365;longitude -71.845291;radius 1.0,latitude 45.774787111284695;longitude -74.00303108090974;radius 0.2,latitude 45.378801;longitude -71.9276185;radius 1.0,latitude 46.350188;longitude -72.575704;radius 1.0,latitude 45.50463675;longitude -73.5763445;radius 0.5,latitude 46.813439;longitude -71.22535;radius 0.1,latitude 48.093045;longitude -77.787959;radius 0.5,latitude 48.099359510148275;longitude -77.78560610535139;radius 0.2,latitude 45.53718572536292;longitude -73.67529078863983;radius 0.4,latitude 45.512027;longitude -73.6721235;radius 0.5,latitude 45.516475949902286;longitude -73.676269631937;radius 0.3,latitude 45.60205;longitude -73.541673;radius 0.3,latitude 45.639045;longitude -74.350732;radius 0.5,latitude 46.061593;longitude -71.943022;radius 0.7,latitude 46.1310090465565;longitude -70.66125097057024;radius 0.7,latitude 45.25231407066326;longitude -74.13281945417003;radius 0.3,latitude 45.207984145453025;longitude -72.77192851973453;radius 0.7,latitude 46.379239;longitude -72.523315;radius 0.5,latitude 45.48241005090486;longitude -75.68398698154286;radius 0.3,latitude 46.863819;longitude -71.25589;radius 0.3,latitude 46.86134;longitude -71.261717;radius 0.4,latitude 45.344527;longitude -73.76787;radius 0.3,latitude 45.361971;longitude -73.732479;radius 0.1,latitude 46.836284;longitude -71.344867;radius 0.1,latitude 48.42315;longitude -71.052158;radius 0.3,latitude 48.420308;longitude -71.061953;radius 0.1,latitude 47.36756290255897;longitude -70.04052391059727;radius 0.1,latitude 45.488967;longitude -73.641429;radius 0.1,latitude 45.882114;longitude -72.49141;radius 0.1,latitude 50.227074;longitude -66.354666;radius 0.5,latitude 50.222464;longitude -66.363319;radius 0.1,latitude 48.834178;longitude -64.484948;radius 0.4,latitude 45.3992235597224;longitude -72.72999868671795;radius 0.2,latitude 45.380672;longitude -72.745186;radius 0.2,latitude 45.642461;longitude -73.842063;radius 0.5,latitude 45.550841;longitude -73.5543;radius 0.3,latitude 45.447611;longitude -75.736732;radius 0.1,latitude 45.4517;longitude -75.764789;radius 0.6,latitude 45.422472;longitude -75.738186;radius 0.4,latitude 45.428426;longitude -75.738307;radius 0.3,latitude 45.459292;longitude -75.769802;radius 0.4,latitude 45.40383;longitude -73.94322;radius 0.5,latitude 46.829931;longitude -71.227765;radius 0.3,latitude 46.786704;longitude -71.286959;radius 0.4,latitude 45.877622;longitude -72.501914;radius 0.2,latitude 45.87392496626654;longitude -72.50275733025128;radius 0.5,latitude 46.032397;longitude -73.421298;radius 0.5,latitude 46.02699;longitude -73.435402;radius 0.3,latitude 46.035837;longitude -73.457556;radius 0.5,latitude 48.41763;longitude -71.223274;radius 0.3,latitude 48.405822;longitude -71.247736;radius 0.3,latitude 46.558811;longitude -75.505422;radius 0.1,latitude 46.560616;longitude -75.507747;radius 0.1,latitude 48.545072;longitude -71.654551;radius 0.4,latitude 45.615831;longitude -73.609348;radius 0.7,latitude 45.493857;longitude -73.5087;radius 0.2,latitude 45.516351;longitude -73.52039;radius 0.2,latitude 45.40369;longitude -73.50457;radius 0.1,latitude 45.828739;longitude -73.420872;radius 0.3,latitude 45.530588;longitude -73.621045;radius 0.1,latitude 45.57175382011434;longitude -73.70268734630666;radius 0.2,latitude 46.574297;longitude -72.734012;radius 0.3,latitude 46.564126;longitude -72.7528;radius 0.3,latitude 45.711242;longitude -73.941883;radius 0.4,latitude 46.81799272408378;longitude -71.15064320430564;radius 0.4,latitude 46.80343488859958;longitude -71.17297825692857;radius 0.1,latitude 46.734431123665104;longitude -71.2669357230891;radius 0.1,latitude 46.79285299433772;longitude -71.16162515353274;radius 0.1,latitude 46.098457;longitude -71.324492;radius 0.3,latitude 46.736868;longitude -71.399553;radius 0.2,latitude 45.422806;longitude -73.61201;radius 0.1,latitude 45.436573;longitude -73.605819;radius 0.5,latitude 45.442041;longitude -73.711948;radius 0.2,latitude 48.840704;longitude -67.497451;radius 0.2,latitude 45.550873;longitude -73.632807;radius 0.2,latitude 45.5517595;longitude -73.6423275;radius 0.3,latitude 45.540622;longitude -73.578495;radius 0.2,latitude 45.530087;longitude -73.593674;radius 0.2,latitude 45.523793;longitude -73.586381;radius 0.1,latitude 45.599815;longitude -73.65253;radius 0.2,latitude 45.522794;longitude -73.61987;radius 0.1,latitude 45.483396;longitude -73.869284;radius 0.2,latitude 45.650611;longitude -73.498141;radius 0.3,latitude 49.186491;longitude -68.2625;radius 0.3,latitude 45.763453;longitude -73.433744;radius 0.3,latitude 46.01533;longitude -73.148862;radius 0.2,latitude 48.43258;longitude -68.523943;radius 0.2,latitude 48.44817819725088;longitude -68.52775903478683;radius 0.2,latitude 47.827058;longitude -69.538705;radius 0.2,latitude 47.82908497801168;longitude -69.53710054456056;radius 0.1,latitude 48.64978243990569;longitude -72.45858296440719;radius 0.2,latitude 45.560529;longitude -73.577247;radius 0.1,latitude 45.559474;longitude -73.583278;radius 0.1,latitude 45.55704866277168;longitude -73.58188653756353;radius 0.2,latitude 48.22889238383965;longitude -79.0071441923601;radius 0.1,latitude 45.422695;longitude -71.877789;radius 0.3,latitude 45.410284509731866;longitude -71.88633495394937;radius 0.3,latitude 45.49434907846978;longitude -73.5626867937252;radius 0.3,latitude 45.477887;longitude -73.587373;radius 0.2,latitude 45.643859;longitude -72.953593;radius 0.2,latitude 45.617841341058295;longitude -72.9706923748566;radius 0.7,latitude 45.2974900777329;longitude -73.26896982360213;radius 0.3,latitude 45.302199;longitude -73.25696;radius 0.1,latitude 45.33306;longitude -73.276769;radius 0.2,latitude 45.779602;longitude -73.999315;radius 0.2,latitude 45.77038;longitude -74.03122;radius 0.2,latitude 45.496898;longitude -73.703015;radius 0.1,latitude 45.506471;longitude -73.703333;radius 0.2,latitude 45.506029;longitude -73.554723;radius 0.1,latitude 45.517761;longitude -73.568756;radius 0.1,latitude 45.514427;longitude -73.566167;radius 0.1,latitude 45.529709;longitude -73.557247;radius 0.2,latitude 45.587835;longitude -73.738079;radius 0.1,latitude 45.60417795272721;longitude -73.78349951422567;radius 0.3,latitude 45.400015;longitude -71.898096;radius 0.1,latitude 45.535175;longitude -73.464779;radius 0.3,latitude 45.535943;longitude -73.493944;radius 0.3,latitude 46.796375;longitude -71.233402;radius 0.1,latitude 46.811492;longitude -71.217016;radius 0.1,latitude 46.813874;longitude -71.222665;radius 0.1,latitude 46.805341;longitude -71.252259;radius 0.1,latitude 46.814032;longitude -71.206478;radius 0.1,latitude 46.816956;longitude -71.236186;radius 0.2,latitude 46.79328292148;longitude -71.26383766125663;radius 0.3,latitude 45.720901;longitude -73.705654;radius 0.3,latitude 45.723112;longitude -73.704609;radius 0.1,latitude 46.359278;longitude -72.567919;radius 0.1,latitude 45.522531495768874;longitude -73.42039099635215;radius 0.1,latitude 46.821008;longitude -71.248678;radius 0.1,latitude 46.818821;longitude -71.251406;radius 0.1,latitude 45.393752;longitude -74.028078;radius 0.3,latitude 45.576265;longitude -73.305768;radius 0.1,latitude 45.48091;longitude -73.611945;radius 0.2,latitude 45.489341;longitude -73.58711;radius 0.2,latitude 45.495312416143776;longitude -73.5784162578168;radius 0.2,latitude 45.496874;longitude -73.578113;radius 0.2,latitude 45.50728;longitude -73.568271;radius 0.1,latitude 45.509540569478276;longitude -73.56940329153406;radius 0.1,latitude 45.50971594705797;longitude -73.5817794581163;radius 0.3",,,,,,,,,,Provided by Advertiser,fr,,,,
f688ca935626783c86512f7d80e0a0addbd024d97ad1cba6894db24c7fb51e89,https://www.snap.com/political-ads/asset/65a9be89a8a838adb06231836c169015e0b726f0276aeabf300edc893846a026?mediaType=png,USD,18,11305,2022/09/11 20:51:52Z,2022/09/25 20:59:00Z,BlueAce,KW,Ahmad Abdulaziz Alsadoun,Ahmad Abdulaziz Alsadoun,,,,,,,kuwait,"Hawalli,Al Kuwayt",,,,,,,,,,,,,,Provided by Advertiser,"ar,en",,,,
f27092eb38fd2b8afd2801cc46ba26deadf47cb2e52817de720ec7e2d85de88b,https://www.snap.com/political-ads/asset/e079a3f93e1075a8265f419e6056458b4e3e59feadfd9cf7d6c8fcdf04e171b8?mediaType=mp4,SEK,612,441,2022/08/01 05:00:44Z,2022/08/07 21:59:00Z,Reform Society,"Kungsgatan 18,Stockholm,111 35,SE",Hands off,RFSU,,,,,,18+,sweden,Stockholms Lan,,,,,,,,,,,,,,Provided by Advertiser,,,,,web_view_url:https://handsoff.rfsu.se/
